{
    "id": "rct2.wcatc",
    "authors": ["Chris Sawyer", "Simon Foster"],
    "version": "1.0",
    "originalId": "0A188C80|WCATC   |31EA2D13",
    "sourceGame": "rct2",
    "objectType": "ride",
    "properties": {
        "type": "mini_rc",
        "category": "rollercoaster",
        "carColours": [
            [
                ["olive_green", "saturated_brown", "bright_red"],
                ["bordeaux_red", "saturated_brown", "bright_red"],
                ["light_purple", "saturated_brown", "bright_red"],
                ["black", "saturated_brown", "bright_red"],
                ["salmon_pink", "saturated_brown", "bright_red"],
                ["light_blue", "saturated_brown", "bright_red"],
                ["light_pink", "saturated_brown", "bright_red"],
                ["yellow", "saturated_brown", "bright_red"],
                ["olive_green", "saturated_brown", "bright_red"],
                ["bordeaux_red", "saturated_brown", "bright_red"],
                ["light_purple", "saturated_brown", "bright_red"],
                ["black", "saturated_brown", "bright_red"],
                ["salmon_pink", "saturated_brown", "bright_red"],
                ["light_blue", "saturated_brown", "bright_red"],
                ["light_pink", "saturated_brown", "bright_red"],
                ["yellow", "saturated_brown", "bright_red"],
                ["olive_green", "saturated_brown", "bright_red"],
                ["bordeaux_red", "saturated_brown", "bright_red"],
                ["light_purple", "saturated_brown", "bright_red"],
                ["black", "saturated_brown", "bright_red"],
                ["salmon_pink", "saturated_brown", "bright_red"],
                ["light_blue", "saturated_brown", "bright_red"],
                ["light_pink", "saturated_brown", "bright_red"],
                ["yellow", "saturated_brown", "bright_red"],
                ["olive_green", "saturated_brown", "bright_red"],
                ["bordeaux_red", "saturated_brown", "bright_red"],
                ["light_purple", "saturated_brown", "bright_red"],
                ["black", "saturated_brown", "bright_red"],
                ["salmon_pink", "saturated_brown", "bright_red"],
                ["light_blue", "saturated_brown", "bright_red"],
                ["light_pink", "saturated_brown", "bright_red"],
                ["yellow", "saturated_brown", "bright_red"]
            ]
        ],
        "cars": {
            "rotationFrameMask": 31,
            "spacing": 235332,
            "mass": 700,
            "numSeats": 4,
            "numSeatRows": 2,
            "frictionSoundId": 2,
            "soundRange": 2,
            "drawOrder": 6,
            "frames": {
                "flat": true,
                "gentleSlopes": true,
                "steepSlopes": true,
                "diagonalSlopes": true,
                "flatBanked": true,
                "flatToGentleSlopeBankedTransitions": true,
                "diagonalGentleSlopeBankedTransitions": true,
                "gentleSlopeBankedTransitions": true,
                "gentleSlopeBankedTurns": true,
                "flatToGentleSlopeWhileBankedTransitions": true,
                "restraintAnimation": true
            },
            "VEHICLE_ENTRY_FLAG_ENABLE_ADDITIONAL_COLOUR_2": true,
            "VEHICLE_ENTRY_FLAG_ENABLE_ADDITIONAL_COLOUR_1": true,
            "VEHICLE_ENTRY_FLAG_RIDERS_SCREAM": true,
            "loadingPositions": [5, 3, -5, -3]
        }
    },
    "images": ["$RCT2:OBJDATA/WCATC.DAT[0..1814]"],
    "strings": {
        "name": {
            "en-GB": "Automobile Cars",
            "fr-FR": "Automobile",
            "de-DE": "Automobil-Wagen",
            "es-ES": "Automóviles",
            "it-IT": "Automobili",
            "nl-NL": "Autokarretjes",
            "sv-SE": "Bilar",
            "ko-KR": "자동차 차량",
            "zh-CN": "冲锋汽车",
            "zh-TW": "衝鋒汽車",
            "pt-BR": "Vagões de Automóveis",
            "cs-CZ": "Automobilové vozy",
            "ja-JP": "自動車",
            "pl-PL": "Czar automobilizmu",
            "ru-RU": "Автомобили"
        },
        "description": {
            "en-GB": "Roller coaster cars in the shape of automobiles",
            "fr-FR": "Voitures de montagnes russes en forme d'automobile",
            "de-DE": "Achterbahnwagen in Form von PKWs",
            "es-ES": "Montaña rusa con forma de coche",
            "it-IT": "Carrozze da ottovolante a forma di automobili",
            "nl-NL": "Achtbaankarretjes in de vorm van een auto.",
            "sv-SE": "Berg- och dalbanevagnar i form av bilar",
            "ko-KR": "자동차 모양의 롤러코스터 차량",
            "zh-CN": "过山车车辆的外形是汽车",
            "zh-TW": "雲霄飛車車輛的外形是汽車",
            "pt-BR": "Vagões de montanha-russa na forma de automóveis",
            "cs-CZ": "Horská dráha s vozy, které připomínají automobily",
            "ja-JP": "自動車の形をしたローラーコースターです",
            "pl-PL": "Wagoniki kolejki górskiej w kształcie starych samochodów",
            "ru-RU": "Вагончики в виде автомобилей"
        },
        "capacity": {
            "en-GB": "4 passengers per car",
            "fr-FR": "4 passagers par voiture",
            "de-DE": "4 Fahrgäste pro Wagen",
            "es-ES": "4 pasajeros por vagón",
            "it-IT": "4 passeggeri a carrozza",
            "nl-NL": "4 passagiers per karretje",
            "sv-SE": "4 passagerare per vagn",
            "ko-KR": "차량당 4명의 승객",
            "zh-CN": "4 位乘客/每个车厢",
            "zh-TW": "4 位乘客/每個車廂",
            "pt-BR": "4 passageiros por vagão",
            "cs-CZ": "4 místa v každém voze",
            "ja-JP": "各車両4名",
            "pl-PL": "4 pasażerów na wagonik",
            "ru-RU": "4 пассажира"
        }
    }
}
