{
    "id": "rct2.c3d",
    "authors": ["Chris Sawyer", "Simon Foster"],
    "version": "1.0",
    "originalId": "0A188A80|C3D     |CF02AAF7",
    "sourceGame": ["rct2", "rct1"],
    "objectType": "ride",
    "properties": {
        "type": "3d_cinema",
        "category": "thrill",
        "tabScale": 0.5,
        "hasShelter": true,
        "carsPerFlatRide": 1,
        "carColours": [
            [
                ["bordeaux_red", "black", "black"]
            ],
            [
                ["dark_green", "black", "black"]
            ],
            [
                ["teal", "dark_blue", "black"]
            ],
            [
                ["black", "bright_red", "black"]
            ],
            [
                ["black", "yellow", "black"]
            ],
            [
                ["black", "light_orange", "black"]
            ]
        ],
        "cars": {
            "spacing": 139456,
            "mass": 200,
            "numSeats": 20,
            "seatsInPairs": false,
            "spriteWidth": 55,
            "spriteHeightNegative": 68,
            "spriteHeightPositive": 28,
            "carVisual": 1,
            "drawOrder": 6,
            "frames": {
                "flat": true
            },
            "VEHICLE_ENTRY_FLAG_10": true,
            "VEHICLE_ENTRY_FLAG_ENABLE_ADDITIONAL_COLOUR_1": true,
            "numSegments": 0,
            "loadingWaypoints": [
                [
                    [40, 40],
                    [-40, 40],
                    [-36, 0]
                ],
                [
                    [-40, -40],
                    [-36, 0],
                    [-36, 0]
                ],
                [
                    [-36, 0],
                    [-36, 0],
                    [-36, 0]
                ],
                [
                    [-40, 40],
                    [-36, 0],
                    [-36, 0]
                ],
                [
                    [40, 40],
                    [0, 36],
                    [0, 36]
                ],
                [
                    [40, -40],
                    [40, 40],
                    [0, 36]
                ],
                [
                    [-40, 40],
                    [0, 36],
                    [0, 36]
                ],
                [
                    [0, 36],
                    [0, 36],
                    [0, 36]
                ],
                [
                    [36, 0],
                    [36, 0],
                    [36, 0]
                ],
                [
                    [40, -40],
                    [36, 0],
                    [36, 0]
                ],
                [
                    [-40, -40],
                    [40, -40],
                    [36, 0]
                ],
                [
                    [40, 40],
                    [36, 0],
                    [36, 0]
                ],
                [
                    [40, -40],
                    [0, -36],
                    [0, -36]
                ],
                [
                    [0, -36],
                    [0, -36],
                    [0, -36]
                ],
                [
                    [-40, -40],
                    [0, -36],
                    [0, -36]
                ],
                [
                    [-40, 40],
                    [-40, -40],
                    [0, -36]
                ]
            ]
        }
    },
    "images": ["$RCT2:OBJDATA/C3D.DAT[0..6]"],
    "strings": {
        "name": {
            "en-GB": "3D Cinema",
            "fr-FR": "Cinéma 3D",
            "de-DE": "3D-Kino",
            "es-ES": "Cine 3D",
            "it-IT": "Cinema 3D",
            "nl-NL": "3D-bioscoop",
            "sv-SE": "3D-bio",
            "ko-KR": "3D 영화관",
            "zh-CN": "3D立体电影院",
            "zh-TW": "3D立體電影院",
            "pt-BR": "Cinema 3D",
            "cs-CZ": "3D Kino",
            "ja-JP": "3D映画",
            "nb-NO": "3D kino",
            "pl-PL": "Kino trójwymiarowe",
            "ru-RU": "3D Кино"
        },
        "description": {
            "en-GB": "Cinema showing 3D films inside a geodesic sphere shaped building",
            "fr-FR": "Cinéma diffusant des films en 3D dans un bâtiment en forme de sphère géodésique",
            "de-DE": "Kino, in dem 3D-Filme in einer geodätischen Kugelstruktur gezeigt werden",
            "es-ES": "Cine que proyecta películas en 3D en una esfera geodésica",
            "it-IT": "Cinema che proietta film in 3D all'interno di un edificio a forma di sfera geodetica",
            "nl-NL": "Bioscoop in een bolvormig gebouw waarin 3D-films worden getoond.",
            "sv-SE": "Bio som visar 3D filmer inuti en geodetisk sfäriskt formad byggnad",
            "ko-KR": "둥근 구 모양의 건물 안에서 3D 영화를 상영하는 영화관",
            "zh-CN": "电影院是一座由测地线球体形状组成的建筑物内部播放３Ｄ立体影片",
            "zh-TW": "電影院是一座由測地線球體形狀組成的建築物內部播放３Ｄ立體影片",
            "pt-BR": "Cinema mostrando filmes em 3D dentro de uma construção em forma de esfera geodésica",
            "cs-CZ": "Kin promítající 3D filmy uvnitř duté kulovité konstrukce",
            "ja-JP": "3D映画を上映する、球形の映画館です",
            "pl-PL": "Kino wyświetlające trójwymiarowe filmy na ekranie stanowiącym wewnętrzną ścianę kulistego budynku",
            "ru-RU": "Кинотеатр с 3D фильмами в сферическом здании"
        },
        "capacity": {
            "en-GB": "20 guests",
            "fr-FR": "20 spectateurs",
            "de-DE": "20 Besucher",
            "es-ES": "20 visitantes",
            "it-IT": "20 spettatori",
            "nl-NL": "20 passagiers",
            "sv-SE": "20 besökare",
            "ko-KR": "손님 20명",
            "zh-CN": "２０位客人",
            "zh-TW": "２０位客人",
            "pt-BR": "20 visitantes",
            "cs-CZ": "20 návštěvníků",
            "ja-JP": "定員20名",
            "pl-PL": "20 widzów",
            "ru-RU": "20 чел."
        }
    }
}
