{
    "id": "rct2.vekst",
    "authors": ["Chris Sawyer", "Simon Foster"],
    "version": "1.0",
    "originalId": "0A188C80|VEKST   |4F5F2BAE",
    "sourceGame": ["rct2", "rct1aa"],
    "objectType": "ride",
    "properties": {
        "type": "lay_down_rc",
        "category": "rollercoaster",
        "limitAirTimeBonus": true,
        "minCarsPerTrain": 3,
        "maxCarsPerTrain": 6,
        "carColours": [
            [
                ["dark_purple", "black", "bright_red"]
            ],
            [
                ["yellow", "dark_green", "black"]
            ],
            [
                ["bright_red", "light_blue", "black"]
            ]
        ],
        "cars": [
            {
                "rotationFrameMask": 31,
                "spacing": 209184,
                "mass": 950,
                "numSeats": 4,
                "numSeatRows": 2,
                "frictionSoundId": 2,
                "soundRange": 2,
                "drawOrder": 6,
                "frames": {
                    "flat": true,
                    "gentleSlopes": true,
                    "steepSlopes": true,
                    "verticalSlopes": true,
                    "diagonalSlopes": true,
                    "flatBanked": true,
                    "inlineTwists": true,
                    "flatToGentleSlopeBankedTransitions": true,
                    "diagonalGentleSlopeBankedTransitions": true,
                    "corkscrews": true,
                    "restraintAnimation": true
                },
                "VEHICLE_ENTRY_FLAG_HAS_INVERTED_SPRITE_SET": true,
                "VEHICLE_ENTRY_FLAG_ENABLE_ADDITIONAL_COLOUR_2": true,
                "VEHICLE_ENTRY_FLAG_13": true,
                "VEHICLE_ENTRY_FLAG_ENABLE_ADDITIONAL_COLOUR_1": true,
                "VEHICLE_ENTRY_FLAG_RIDERS_SCREAM": true,
                "loadingPositions": [2, -2, 2, -2]
            },
            {
                "rotationFrameMask": 31,
                "spacing": 209184,
                "mass": 950,
                "numSeats": 4,
                "numSeatRows": 2,
                "frictionSoundId": 2,
                "soundRange": 2,
                "drawOrder": 2,
                "frames": {
                    "flat": true,
                    "gentleSlopes": true,
                    "steepSlopes": true,
                    "verticalSlopes": true,
                    "diagonalSlopes": true,
                    "flatBanked": true,
                    "inlineTwists": true,
                    "flatToGentleSlopeBankedTransitions": true,
                    "diagonalGentleSlopeBankedTransitions": true,
                    "corkscrews": true,
                    "restraintAnimation": true
                },
                "VEHICLE_ENTRY_FLAG_HAS_INVERTED_SPRITE_SET": true,
                "VEHICLE_ENTRY_FLAG_ENABLE_ADDITIONAL_COLOUR_2": true,
                "VEHICLE_ENTRY_FLAG_ENABLE_ADDITIONAL_COLOUR_1": true,
                "VEHICLE_ENTRY_FLAG_RIDERS_SCREAM": true,
                "loadingPositions": [2, -2, 2, -2]
            }
        ]
    },
    "images": ["$RCT2:OBJDATA/VEKST.DAT[0..4082]"],
    "strings": {
        "name": {
            "en-GB": "Lay-down Roller Coaster Trains",
            "fr-FR": "Mont. russes - posit. couchée",
            "de-DE": "Liegeachterbahn",
            "es-ES": "Montaña Rusa Fija",
            "it-IT": "Ottovolante in pos. distesa",
            "nl-NL": "Liggende achtbaantrein",
            "sv-SE": "Liggande berg- och dalbana",
            "ko-KR": "레이 다운 롤러코스터 차량",
            "zh-CN": "横卧式过山车",
            "zh-TW": "橫臥式雲霄飛車",
            "pt-BR": "Trens Montanha-Russa Deitada",
            "cs-CZ": "Horská dráha \"na ležáka\"",
            "ja-JP": "レイダウン・コースター",
            "pl-PL": "Leżąca kolejka",
            "ru-RU": "Лежачие горки"
        },
        "description": {
            "en-GB": "Riders are held in special harnesses in a lying-down position, travelling through twisted track and inversions either on their backs or facing the ground",
            "en-US": "Riders are held in special harnesses in a lying-down position, traveling through twisted track and inversions either on their backs or facing the ground",
            "fr-FR": "Les passagers franchissent une voie alambiquée pleine d'inversions, couchés à plat ventre ou sur le dos, et maintenus par des harnais spéciaux",
            "de-DE": "Die Passagiere befinden sich in speziellen Haltevorrichtungen in liegender Position (entweder auf dem Rücken oder dem Bauch) und fahren auf einer gewundenen Strecke mit Ueberkopfteilen",
            "es-ES": "Los pasajeros están sujetos por unos arneses cara abajo",
            "it-IT": "I passeggeri sono tenuti distesi da speciali bardature e viaggiano lungo un tracciato contorto caratterizzato da inversioni, guardando ora per terra ora verso il cielo",
            "nl-NL": "Passagiers worden door middel van een speciale beugel in een liggende positie vastgehouden, waarna ze op hun rug of met hun gezicht naar de grond door kronkelende stukken baan en omkeringen heen gaan.",
            "sv-SE": "Passagerarnas hålls fast i speciella seldon i liggande läge, åker genom ett tvinnat spår och inversioner antingen på rygg eller med ansiktet mot marken",
            "ko-KR": "누운 자세로 탑승하는 특수 차량에 탑승하여 꼬인 트랙과 전이를 앞이나 뒤로 누운 자세로 즐기는 놀이기구",
            "zh-CN": "乘客被以棋卧姿势固定在特殊挽具上,历经疾迅旋转轨道及反转,甚至以几近贴地方式与地面接触",
            "zh-TW": "乘客被以橫臥姿勢固定在特殊挽具上,歷經疾迅旋轉軌道及反轉,甚至以幾近貼地方式與地面接觸",
            "pt-BR": "Os passageiros são colocados em assentos especiais na posição horizontal, viajando por pistas sinuosas e inversões, deitados para cima ou para baixo",
            "cs-CZ": "Návštěvníci jedou v leže zavěšeni do speciálního držení, ve kterém na břiše projedou trať s ostrými zatáčkami",
            "ja-JP": "乗客は特別なハーネスにより寝た状態で固定され、ひねりのあるコースを地面に面したり反転したりして走行します",
            "pl-PL": "Pasażerowie wiszą w specjalnych uprzężach twarzą w dół, podróżując przez zakręcony tor albo na plecach, albo twarzą ku ziemi",
            "ru-RU": "Люди лежат на специальных ремнях и несутся по крутому треку"
        },
        "capacity": {
            "en-GB": "4 passengers per car",
            "fr-FR": "4 passagers par voiture",
            "de-DE": "4 Fahrgäste pro Wagen",
            "es-ES": "4 pasajeros por vagón",
            "it-IT": "4 passeggeri a carrozza",
            "nl-NL": "4 passagiers per karretje",
            "sv-SE": "4 passagerare per vagn",
            "ko-KR": "차량당 4명의 승객",
            "zh-CN": "4 位乘客/每个车厢",
            "zh-TW": "4 位乘客/每個車廂",
            "pt-BR": "4 passageiros por vagão",
            "cs-CZ": "4 místa v každém voze",
            "ja-JP": "各車両4名",
            "pl-PL": "4 pasażerów na wagonik",
            "ru-RU": "4 пассажира"
        }
    }
}
