{
    "id": "rct2.faid1",
    "authors": ["Chris Sawyer", "Simon Foster"],
    "version": "1.0",
    "originalId": "0A188A80|FAID1   |F5BF5D9E",
    "sourceGame": "rct2",
    "objectType": "ride",
    "properties": {
        "type": "first_aid",
        "category": "stall",
        "carsPerFlatRide": 1,
        "carColours": [
            [
                ["black", "black", "black"]
            ]
        ],
        "cars": {
            "spacing": 139456,
            "spriteWidth": 1,
            "spriteHeightNegative": 1,
            "spriteHeightPositive": 1,
            "carVisual": 1,
            "drawOrder": 6,
            "frames": {
                "flat": true
            },
            "VEHICLE_ENTRY_FLAG_10": true
        }
    },
    "images": ["$RCT2:OBJDATA/FAID1.DAT[0..8]"],
    "strings": {
        "name": {
            "en-GB": "First Aid Room",
            "fr-FR": "Infirmerie",
            "de-DE": "Erste Hilfe",
            "es-ES": "Sala Primeros Auxilios",
            "it-IT": "Sala del pronto soccorso",
            "nl-NL": "Eerste hulp",
            "sv-SE": "Första hjälpenrum",
            "ko-KR": "응급 치료소",
            "zh-CN": "急救室",
            "zh-TW": "急救室",
            "pt-BR": "Sala de Primeiros Socorros",
            "cs-CZ": "První pomoc",
            "ja-JP": "救護所",
            "nb-NO": "Førstehjelp",
            "pl-PL": "Pierwsza pomoc",
            "ru-RU": "Медпункт"
        },
        "description": {
            "en-GB": "A place for sick guests to go for faster recovery",
            "fr-FR": "Endroit où l'on prodigue les premiers soins aux visiteurs malades",
            "de-DE": "Ein Raum für Besucher, denen nicht gut ist, damit sie sich schnell besser fühlen",
            "es-ES": "Donde los visitantes enfermos pueden ir para recuperarse",
            "it-IT": "Un luogo dove i visitatori che si sentono poco bene possono trovare un veloce ricovero",
            "nl-NL": "Een gebouw waar misselijke bezoekers sneller kunnen opknappen.",
            "sv-SE": "En plats för sjuka besökare att gå till för att bli snabbt friska",
            "ko-KR": "속이 메스꺼운 손님들이 빨리 회복할 수 있는 장소",
            "zh-CN": "一间让生病的游客能迅速回复的急救室",
            "zh-TW": "一間讓生病的遊客能迅速回復的急救室",
            "pt-BR": "Um local para visitantes enjoados ou doentes se recuperarem",
            "cs-CZ": "Místo pro návštěvníky, kterým by se udělalo nevolno, které napomáhá brzkému uzdravení",
            "ja-JP": "気分の悪くなった来園客がここに来ると、早く治すことができます",
            "pl-PL": "Miejsce dla gości, którym zrobiło się niedobrze - tutaj szybciej oprzytomnieją",
            "ru-RU": "Комната для заболевших"
        }
    }
}
