{
    "id": "rct2.dodg1",
    "authors": ["Chris Sawyer", "Simon Foster"],
    "version": "1.0",
    "originalId": "0A188A80|DODG1   |202805C0",
    "sourceGame": ["rct2", "rct1"],
    "objectType": "ride",
    "properties": {
        "type": "dodgems",
        "category": "gentle",
        "carsPerFlatRide": 12,
        "carColours": [
            [
                ["bright_red", "white", "black"]
            ],
            [
                ["light_blue", "white", "black"]
            ],
            [
                ["yellow", "bright_red", "black"]
            ],
            [
                ["bright_purple", "yellow", "black"]
            ]
        ],
        "cars": {
            "rotationFrameMask": 31,
            "spacing": 139456,
            "mass": 200,
            "numSeats": 1,
            "numSeatRows": 1,
            "poweredAcceleration": 7,
            "poweredMaxSpeed": 15,
            "drawOrder": 7,
            "frames": {
                "flat": true
            },
            "VEHICLE_ENTRY_FLAG_DODGEM_INUSE_LIGHTS": true,
            "VEHICLE_ENTRY_FLAG_ENABLE_ADDITIONAL_COLOUR_1": true,
            "VEHICLE_ENTRY_FLAG_POWERED": true,
            "VEHICLE_ENTRY_FLAG_BOAT_HIRE_COLLISION_DETECTION": true,
            "VEHICLE_ENTRY_FLAG_VEHICLE_ANIMATION": true,
            "VEHICLE_ENTRY_FLAG_DODGEM_CAR_PLACEMENT": true,
            "loadingPositions": [0]
        }
    },
    "images": ["$RCT2:OBJDATA/DODG1.DAT[0..130]"],
    "strings": {
        "name": {
            "en-GB": "Dodgems",
            "en-US": "Bumper Cars",
            "fr-FR": "Autos tamponneuses",
            "de-DE": "Autoskooter",
            "es-ES": "Coches de choque",
            "it-IT": "Auto-scontro",
            "nl-NL": "Botsauto's",
            "sv-SE": "Radiobil",
            "ko-KR": "범퍼카",
            "zh-CN": "电动碰碰车",
            "zh-TW": "碰碰車",
            "cs-CZ": "Autodrom",
            "ja-JP": "ダージャムズ",
            "nb-NO": "Radiobiler",
            "pl-PL": "Unikajki",
            "ru-RU": "Кар"
        },
        "description": {
            "en-GB": "Self-drive electric dodgem cars",
            "en-US": "Self-driven electric bumper cars",
            "fr-FR": "Autos tamponneuses électriques",
            "de-DE": "Selbstgesteuerte elektrische Autoskooter",
            "es-ES": "Coches de choque eléctricos autopropulsados",
            "it-IT": "Auto da scontro elettriche guidate dal visitatore",
            "nl-NL": "Elektrische wagentjes die de passagiers zelf besturen.",
            "sv-SE": "Självdrivna elektriska radiobilar",
            "ko-KR": "스스로 운전하는 전기 범퍼카 차량",
            "zh-CN": "每一位游客开一辆电动碰碰车",
            "zh-TW": "自助駕駛的電力碰碰車",
            "pt-BR": "Carros elétricos automáticos",
            "cs-CZ": "Autodrom s elektrickými autíčky",
            "ja-JP": "乗客が運転する、電動のバンパーカーです",
            "pl-PL": "Samochodziki z napędem elektrycznym",
            "ru-RU": "Электромобильчики"
        },
        "capacity": {
            "en-GB": "1 person per car",
            "fr-FR": "1 personne par voiture",
            "de-DE": "1 Person pro Wagen",
            "es-ES": "1 persona por vagón",
            "it-IT": "1 persona per auto",
            "nl-NL": "1 passagier per botsauto",
            "sv-SE": "1 person per vagn",
            "ko-KR": "차량당 1명의 손님",
            "zh-CN": "1位乘客/每个车厢",
            "zh-TW": "每車輛1位乘客",
            "pt-BR": "1 pessoa por carro",
            "cs-CZ": "1 místo v každém voze",
            "ja-JP": "各車両1名",
            "pl-PL": "1 osoba na samochód",
            "ru-RU": "1 чел."
        }
    }
}
