{
    "id": "rct2.simpod",
    "authors": ["Chris Sawyer", "Simon Foster"],
    "version": "1.0",
    "originalId": "0A1F0280|SIMPOD  |7D9318C3",
    "sourceGame": ["rct2", "rct1"],
    "objectType": "ride",
    "properties": {
        "type": "motion_simulator",
        "category": "thrill",
        "tabScale": 0.5,
        "carsPerFlatRide": 1,
        "carColours": [
            [
                ["light_blue", "bright_red", "black"]
            ],
            [
                ["bright_green", "bright_purple", "black"]
            ],
            [
                ["teal", "bright_pink", "black"]
            ]
        ],
        "cars": {
            "spacing": 139456,
            "mass": 3000,
            "numSeats": 8,
            "seatsInPairs": false,
            "spriteWidth": 55,
            "spriteHeightNegative": 68,
            "spriteHeightPositive": 28,
            "carVisual": 1,
            "drawOrder": 6,
            "frames": {
                "flat": true
            },
            "VEHICLE_ENTRY_FLAG_10": true,
            "VEHICLE_ENTRY_FLAG_ENABLE_ADDITIONAL_COLOUR_1": true,
            "numSegments": 0,
            "loadingWaypoints": [
                [
                    [42, 33],
                    [42, 33],
                    [16, 33]
                ],
                [
                    [42, -10],
                    [42, 33],
                    [16, 33]
                ],
                [
                    [-10, 42],
                    [42, 33],
                    [16, 33]
                ],
                [
                    [42, 42],
                    [42, 33],
                    [16, 33]
                ],
                [
                    [42, -42],
                    [33, -42],
                    [33, -16]
                ],
                [
                    [33, -42],
                    [33, -42],
                    [33, -16]
                ],
                [
                    [-10, -42],
                    [33, -42],
                    [33, -16]
                ],
                [
                    [42, 10],
                    [33, -42],
                    [33, -16]
                ],
                [
                    [10, -42],
                    [-42, -33],
                    [-16, -33]
                ],
                [
                    [-42, -42],
                    [-42, -33],
                    [-16, -33]
                ],
                [
                    [-42, -33],
                    [-42, -33],
                    [-16, -33]
                ],
                [
                    [-42, 10],
                    [-42, -33],
                    [-16, -33]
                ],
                [
                    [10, 42],
                    [-33, 42],
                    [-33, 16]
                ],
                [
                    [-42, -10],
                    [-33, 42],
                    [-33, 16]
                ],
                [
                    [-42, 42],
                    [-33, 42],
                    [-33, 16]
                ],
                [
                    [-33, 42],
                    [-33, 42],
                    [-33, 16]
                ]
            ]
        }
    },
    "images": ["$RCT2:OBJDATA/SIMPOD.DAT[0..142]"],
    "strings": {
        "name": {
            "en-GB": "Motion Simulator",
            "fr-FR": "Sim. de mvts",
            "de-DE": "Bewegungssimulator",
            "es-ES": "Simulador de Movimiento",
            "it-IT": "Simulatore di movimenti",
            "nl-NL": "Bewegingssimulator",
            "sv-SE": "Rörelsesimulator",
            "ko-KR": "모션 시뮬레이터",
            "zh-CN": "摸拟天体运行",
            "zh-TW": "摸擬天體運行",
            "pt-BR": "Simulador de Movimento",
            "cs-CZ": "Simulátor pohybu",
            "ja-JP": "動くシミュレーター",
            "nb-NO": "Bevegelsessimulator",
            "pl-PL": "Symulator ruchu",
            "ru-RU": "Симулятор"
        },
        "description": {
            "en-GB": "Riders view a film inside the motion simulator pod while it is twisted and moved around by a hydraulic arm",
            "fr-FR": "Les spectateurs visionnent un film dans une nacelle simulant les mouvements grâce à un bras hydraulique",
            "de-DE": "Die Passagiere sehen in einer Bewegungssimulationskapsel, die von einem hydraulischen Arm gedreht und herumbewegt wird, einen Film",
            "es-ES": "Los pasajeros ven una película dentro del simulador mientras se mueve por un brazo hidráulico",
            "it-IT": "I visitatori, all'interno di una capsula fatta ondeggiare attraverso un braccio idraulico, vedono un film dai movimenti corrispondenti",
            "nl-NL": "Passagiers bekijken een film in de cabine van een bewegingssimulator die wordt gedraaid en bewogen door een hydraulische arm.",
            "sv-SE": "Passagerarna ser en film på insidan av rörelsesimulatorns kapsel medan den snurras och rör sig runt en hydraulisk arm",
            "ko-KR": "유압식 관절에 의해 흔들리며 움직이는 모션 시뮬레이터 안에서 영화를 보는 놀이기구",
            "zh-CN": "游客坐在摸拟天体运行舱内观看影片利用水力学支臂使旋转及移动",
            "zh-TW": "遊客坐在摸擬天體運行艙內觀看影片利用水力學支臂使旋轉及移動",
            "pt-BR": "Os passageiros vêem um filme dentro do simulador de movimento, enquanto ele é balançado e movido por um braço hidráulico",
            "cs-CZ": "Návštěvníci sledují film uvnitř simulátoru pohybu, zatímco se simulátorem hýbe hydraulika",
            "ja-JP": "映像に合わせて油圧可動式のポッドが動くシミュレーターです",
            "pl-PL": "Pasażerowie oglądają film, siedząc w specjalnej kabinie, poruszanej i wstrząsanej przez siłowniki hydrauliczne",
            "ru-RU": "Люди смотрят фильм внутри симулятора на движущейся основе."
        },
        "capacity": {
            "en-GB": "8 passengers",
            "fr-FR": "8 passagers",
            "de-DE": "8 Passagiere",
            "es-ES": "8 pasajeros",
            "it-IT": "8 passeggeri",
            "nl-NL": "8 passagiers",
            "sv-SE": "8 passagerare",
            "ko-KR": "승객 8명",
            "zh-CN": "8 位乘客",
            "zh-TW": "8 位乘客",
            "pt-BR": "8 passageiros",
            "cs-CZ": "8 návštěvníků",
            "ja-JP": "定員8名",
            "pl-PL": "8 pasażerów",
            "ru-RU": "8 пассажиров"
        }
    }
}
