{
    "id": "rct2.4x4",
    "authors": ["Chris Sawyer", "Simon Foster"],
    "version": "1.0",
    "originalId": "0A188A80|4X4     |0DB8676C",
    "sourceGame": "rct2",
    "objectType": "ride",
    "properties": {
        "type": "car_ride",
        "category": "gentle",
        "noCollisionCrashes": true,
        "minCarsPerTrain": 3,
        "maxCarsPerTrain": 3,
        "numEmptyCars": 2,
        "tabCar": 1,
        "headCars": 1,
        "tailCars": 1,
        "ratingMultipler": {
            "excitement": 35,
            "intensity": 20,
            "nausea": 10
        },
        "maxHeight": 18,
        "carColours": [
            [
                ["yellow", "grey", "bright_red"]
            ],
            [
                ["bright_red", "yellow", "yellow"]
            ],
            [
                ["dark_green", "bordeaux_red", "light_orange"]
            ]
        ],
        "cars": [
            {
                "rotationFrameMask": 31,
                "spacing": 165604,
                "mass": 500,
                "tabOffset": 4,
                "numSeats": 2,
                "numSeatRows": 1,
                "poweredAcceleration": 80,
                "poweredMaxSpeed": 8,
                "drawOrder": 9,
                "frames": {
                    "flat": true,
                    "gentleSlopes": true,
                    "steepSlopes": true,
                    "restraintAnimation": true
                },
                "VEHICLE_ENTRY_FLAG_ENABLE_ADDITIONAL_COLOUR_2": true,
                "VEHICLE_ENTRY_FLAG_ENABLE_ADDITIONAL_COLOUR_1": true,
                "VEHICLE_ENTRY_FLAG_POWERED": true,
                "loadingPositions": [4, -4]
            },
            {
                "rotationFrameMask": 31,
                "spacing": 34864,
                "poweredAcceleration": 80,
                "poweredMaxSpeed": 8,
                "carVisual": 1,
                "drawOrder": 8,
                "frames": {
                    "flat": true
                },
                "VEHICLE_ENTRY_FLAG_ALLOW_DOORS_DEPRECATED": true,
                "VEHICLE_ENTRY_FLAG_ENABLE_ADDITIONAL_COLOUR_2": true,
                "VEHICLE_ENTRY_FLAG_POWERED": true
            }
        ]
    },
    "images": ["$RCT2:OBJDATA/4X4.DAT[0..426]"],
    "strings": {
        "name": {
            "en-GB": "Monster Trucks",
            "fr-FR": "Monster Truck",
            "de-DE": "Monster-Trucks",
            "it-IT": "Monster Truck",
            "ko-KR": "몬스터 트럭",
            "zh-CN": "怪物货车",
            "zh-TW": "怪獸卡車",
            "pt-BR": "Caminhões Monstros",
            "cs-CZ": "Monster Trucks",
            "ja-JP": "モンスタートラック",
            "nb-NO": "Monster Trucker",
            "nl-NL": "Monstertrucks",
            "pl-PL": "Potworne pikapy",
            "ru-RU": "Грузовики",
            "ar-EG": "سيارات الوحش"
        },
        "description": {
            "en-GB": "Powered giant 4 x 4 trucks which can climb steep slopes",
            "fr-FR": "4 x 4 énorme dont les roues colossales peuvent gravir des pentes abruptes",
            "de-DE": "Angetriebene, gigantische Trucks mit Allradantrieb, die steile Hänge bezwingen können",
            "es-ES": "Camiones gigantes autopropulsados 4x4 que pueden subir cuestas impresionantes",
            "it-IT": "Camion giganti 4 x 4 capaci di arrampicarsi per pendii scoscesi",
            "nl-NL": "Gigantische elektrische 4x4-trucks die steile hellingen kunnen nemen.",
            "sv-SE": "Motordrivna jättejeepar med 4-hjulsdrift som kan klättra upp för branta lutningar",
            "ko-KR": "급경사를 오를 수 있는 초대형 4 x 4 트럭",
            "zh-CN": "以4 x 4大型动力货车爬上陡峭的斜坡",
            "zh-TW": "能爬上陡斜坡道, 而且帶有動力的巨型4 x 4卡車",
            "pt-BR": "Enormes caminhões motorizados 4 x 4 que podem subir ladeiras íngremes",
            "cs-CZ": "Obří auta s pohonem 4x4, které jsou schopna vyjíždět velmi strmé svahy",
            "ja-JP": "動力付きで、急斜面もものともしない巨大な四輪駆動車です",
            "pl-PL": "Samochody na olbrzymich kołach z napędem 4 x 4, które mogą wjeżdżać na strome zbocza",
            "ru-RU": "Люди катаются на огромных внедорожниках.",
            "ar-EG": "شاحنات عملاقة رباعية العجلات يمكنها تسلق المنحدرات العالية"
        },
        "capacity": {
            "en-GB": "2 passengers per truck",
            "fr-FR": "2 passagers par voiture",
            "de-DE": "2 Fahrgäste pro Truck",
            "es-ES": "2 pasajeros por camión",
            "it-IT": "2 passeggeri per camion",
            "nl-NL": "2 passagiers per truck",
            "sv-SE": "2 passagerare per lastbil",
            "ko-KR": "트럭당 2명의 승객",
            "zh-CN": "2 位乘客 /每辆货车",
            "zh-TW": "每卡車2位乘客",
            "pt-BR": "2 passageiros por caminhão",
            "cs-CZ": "2 místa v každém vozu",
            "ja-JP": "各車両2名",
            "pl-PL": "2 pasażerów na samochód",
            "ru-RU": "2 пассажира",
            "ar-EG": "ركبان لكل شاحنة"
        }
    }
}
