{
    "id": "rct2.hmcar",
    "authors": ["Chris Sawyer", "Simon Foster"],
    "version": "1.0",
    "originalId": "0A188A80|HMCAR   |A151BA28",
    "sourceGame": "rct2",
    "objectType": "ride",
    "properties": {
        "type": "ghost_train",
        "category": "gentle",
        "noCollisionCrashes": true,
        "minCarsPerTrain": 3,
        "maxCarsPerTrain": 3,
        "numEmptyCars": 2,
        "tabCar": 1,
        "headCars": 1,
        "tailCars": 1,
        "carColours": [
            [
                ["bright_red", "dark_brown", "black"]
            ],
            [
                ["yellow", "bordeaux_red", "black"]
            ],
            [
                ["bright_purple", "bordeaux_red", "black"]
            ]
        ],
        "cars": [
            {
                "rotationFrameMask": 31,
                "spacing": 87160,
                "mass": 300,
                "numSeats": 2,
                "numSeatRows": 1,
                "soundRange": 0,
                "poweredAcceleration": 80,
                "poweredMaxSpeed": 9,
                "drawOrder": 7,
                "frames": {
                    "flat": true,
                    "gentleSlopes": true
                },
                "VEHICLE_ENTRY_FLAG_POWERED_RIDE_UNRESTRICTED_GRAVITY": true,
                "VEHICLE_ENTRY_FLAG_NO_UPSTOP_WHEELS": true,
                "VEHICLE_ENTRY_FLAG_NO_UPSTOP_BOBSLEIGH": true,
                "VEHICLE_ENTRY_FLAG_ENABLE_ADDITIONAL_COLOUR_1": true,
                "VEHICLE_ENTRY_FLAG_POWERED": true,
                "VEHICLE_ENTRY_FLAG_RIDERS_SCREAM": true,
                "loadingPositions": [3, -3]
            },
            {
                "rotationFrameMask": 31,
                "spacing": 34864,
                "poweredAcceleration": 80,
                "poweredMaxSpeed": 9,
                "carVisual": 1,
                "drawOrder": 8,
                "frames": {
                    "flat": true
                },
                "VEHICLE_ENTRY_FLAG_POWERED_RIDE_UNRESTRICTED_GRAVITY": true,
                "VEHICLE_ENTRY_FLAG_NO_UPSTOP_WHEELS": true,
                "VEHICLE_ENTRY_FLAG_NO_UPSTOP_BOBSLEIGH": true,
                "VEHICLE_ENTRY_FLAG_ALLOW_DOORS_DEPRECATED": true,
                "VEHICLE_ENTRY_FLAG_ENABLE_ADDITIONAL_COLOUR_2": true,
                "VEHICLE_ENTRY_FLAG_POWERED": true
            }
        ]
    },
    "images": ["$RCT2:OBJDATA/HMCAR.DAT[0..242]"],
    "strings": {
        "name": {
            "en-GB": "Haunted Mansion Cars",
            "fr-FR": "Maison fantôme",
            "de-DE": "Geisterbahnfahrt",
            "es-ES": "Paseo por la Casa Encantada",
            "it-IT": "Corsa del palazzo infestato",
            "nl-NL": "Doombuggy's",
            "sv-SE": "Spökslottet",
            "ko-KR": "귀신의 집 차량",
            "zh-CN": "猛鬼屋",
            "zh-TW": "猛鬼屋",
            "pt-BR": "Carros Mansão Assombrada",
            "ar-EG": "Haunted Mansion Cars",
            "cs-CZ": "Jízda domem hrůzy",
            "en-US": "Haunted Mansion Cars",
            "ja-JP": "ホーンテッド・マンション・ライド",
            "pl-PL": "Przejażdżka po nawiedzonym domu",
            "ru-RU": "Гонки с призраками"
        },
        "description": {
            "en-GB": "Powered cars travel along a multi-level track past special effects and scenery",
            "fr-FR": "Des voitures à propulsion parcourent les étages d'un bâtiment bourré d'effets spéciaux et de décors",
            "de-DE": "Angetriebene Wagen fahren auf einer mehrstöckigen Strecke an Spezialeffekten und Aufbauten vorbei",
            "es-ES": "Vagones autopropulsados que corren sobre una vía multinivel",
            "it-IT": "Carrozze a motore si muovono lungo un tracciato multi-livello attraverso uno scenario con effetti speciali",
            "nl-NL": "Aangedreven karretjes rijden over een baan, die over meerdere hoogteniveau loopt, langs decor en special effects.",
            "sv-SE": "Motordrivna vagnar åker längs ett spår i flera nivåer förbi specialeffekter och scener",
            "ko-KR": "으스스한 풍경과 특별한 효과 주변을 지나며 여러 높낮이를 오르내리는 괴물 모양의 차량",
            "zh-CN": "动力式车辆延着多层次轨道通过一些特效及景物",
            "zh-TW": "動力式車輛延著多層次軌道通過一些特效及景物",
            "pt-BR": "Carros motorizados andam numa pista de vários níveis, passando por cenários e efeitos especiais",
            "cs-CZ": "Vozy jezdí po vícepatrovém okruhu okolo strašidelných kulis a speciálních efektů",
            "ja-JP": "特殊な仕掛けと景観が施された多層式のコースを、動力付きの車両が走行する乗物です",
            "pl-PL": "Wagoniki z napędem jadą po wielopoziomowym torze wśród przerażających dekoracji i efektów specjalnych",
            "ru-RU": "Машинки ездят по многоуровневым трекам в особой обстановке."
        },
        "capacity": {
            "en-GB": "2 passengers per car",
            "fr-FR": "2 passagers par voiture",
            "de-DE": "2 Fahrgäste pro Wagen",
            "es-ES": "2 pasajeros por vagón",
            "it-IT": "2 passeggeri a carrozza",
            "nl-NL": "2 passagiers per karretje",
            "sv-SE": "2 passagerare per vagn",
            "ko-KR": "차량당 2명의 승객",
            "zh-CN": "2 位乘客/每个车厢",
            "zh-TW": "2 位乘客/每個車廂",
            "pt-BR": "2 passageiros por vagão",
            "cs-CZ": "2 místa v každém vozu",
            "ja-JP": "各車両2名",
            "pl-PL": "2 pasażerów na wagonik",
            "ru-RU": "2 пассажира"
        }
    }
}
