{
    "id": "rct2.atm1",
    "authors": ["Chris Sawyer", "Simon Foster"],
    "version": "1.0",
    "originalId": "0A188A80|ATM1    |BBDCC13A",
    "sourceGame": "rct2",
    "objectType": "ride",
    "properties": {
        "type": "cash_machine",
        "category": "stall",
        "carsPerFlatRide": 1,
        "carColours": [
            [
                ["black", "black", "black"]
            ]
        ],
        "cars": {
            "spacing": 139456,
            "spriteWidth": 1,
            "spriteHeightNegative": 1,
            "spriteHeightPositive": 1,
            "carVisual": 1,
            "drawOrder": 6,
            "frames": {
                "flat": true
            },
            "VEHICLE_ENTRY_FLAG_10": true
        }
    },
    "images": ["$RCT2:OBJDATA/ATM1.DAT[0..6]"],
    "strings": {
        "name": {
            "en-GB": "Cash Machine",
            "fr-FR": "Distributeur",
            "de-DE": "Geldautomat",
            "es-ES": "Cajero Automático",
            "it-IT": "Bancomat",
            "nl-NL": "Geldautomaat",
            "sv-SE": "Bankautomat",
            "ko-KR": "ATM 기기",
            "zh-CN": "提款机",
            "zh-TW": "提款機",
            "pt-BR": "Caixa Eletrônico",
            "cs-CZ": "Bankomat",
            "ja-JP": "ATM",
            "nb-NO": "Bankautomat",
            "pl-PL": "Bankomat",
            "ru-RU": "Банкомат"
        },
        "description": {
            "en-GB": "An A.T.M. (Cash Machine) for guests to use if they run low on funds",
            "fr-FR": "Un D.A.B. (Distributeur automatique de billets) permet aux visiteurs de renflouer leur porte-monnaie",
            "de-DE": "Ein Geldautomat für Besucher, falls ihnen das Bargeld ausgeht",
            "es-ES": "Un cajero automático para que los visitantes saquen si andan cortos de dinero",
            "it-IT": "Un bancomat (ATM) che i visitatori possono usare se sono a corto di denaro",
            "nl-NL": "Een geldautomaat die de bezoekers kunnen gebruiken als ze bijna door hun contante geld heen zijn.",
            "sv-SE": "En bankautomat som gästerna kan använda om de använder alla sina pengar",
            "ko-KR": "손님들이 가진 돈이 떨어졌을 때 돈을 찾을 수 있는 ATM 기기",
            "zh-CN": "一台提款机可以提供游客钱花光时可以提领现金",
            "zh-TW": "一台提款機可以提供遊客錢花光時可以提領現金",
            "pt-BR": "Um posto bancário eletrônico para os visitantes usarem se ficarem com pouco dinheiro",
            "cs-CZ": "Bankomat pro návštěvníky, kterým by došla hotovost",
            "ja-JP": "所持金を使い果たした来園客が利用する、ATM(キャッシュディスペンサー)です",
            "pl-PL": "Maszynka z pieniędzmi - dla gości, którzy wszystko już wydali",
            "ru-RU": "Банкомат"
        }
    }
}
