{
    "id": "rct2.fsauc",
    "authors": ["Chris Sawyer", "Simon Foster"],
    "version": "1.0",
    "originalId": "0A188A80|FSAUC   |286B8633",
    "sourceGame": ["rct2", "rct1aa"],
    "objectType": "ride",
    "properties": {
        "type": "flying_saucers",
        "category": "gentle",
        "carsPerFlatRide": 12,
        "carColours": [
            [
                ["white", "light_orange", "black"]
            ],
            [
                ["light_purple", "bright_red", "black"]
            ]
        ],
        "cars": {
            "rotationFrameMask": 31,
            "spacing": 139456,
            "mass": 190,
            "numSeats": 1,
            "numSeatRows": 1,
            "poweredAcceleration": 7,
            "poweredMaxSpeed": 10,
            "drawOrder": 7,
            "frames": {
                "flat": true
            },
            "VEHICLE_ENTRY_FLAG_ENABLE_ADDITIONAL_COLOUR_1": true,
            "VEHICLE_ENTRY_FLAG_POWERED": true,
            "VEHICLE_ENTRY_FLAG_BOAT_HIRE_COLLISION_DETECTION": true,
            "VEHICLE_ENTRY_FLAG_DODGEM_CAR_PLACEMENT": true,
            "loadingPositions": [0]
        }
    },
    "images": ["$RCT2:OBJDATA/FSAUC.DAT[0..66]"],
    "strings": {
        "name": {
            "en-GB": "Flying Saucers",
            "fr-FR": "Soucoupes volantes",
            "de-DE": "Fliegende Untertassen",
            "es-ES": "Platillos Volantes",
            "it-IT": "Dischi volanti",
            "nl-NL": "Vliegende schotels",
            "sv-SE": "Flygande tefat",
            "ko-KR": "비행 접시",
            "zh-CN": "水上飞行",
            "zh-TW": "碰碰飛碟",
            "pt-BR": "Discos Voadores",
            "cs-CZ": "Létající talíře",
            "ja-JP": "フライングソーサー",
            "nb-NO": "Flyvende tallerkner",
            "pl-PL": "Latające spodki",
            "ru-RU": "Тарелочки"
        },
        "description": {
            "en-GB": "Self-drive hovercraft vehicles",
            "fr-FR": "Aéroglisseurs auto-guidés",
            "de-DE": "Selbstgesteuerte Luftkissenfahrzeuge",
            "es-ES": "Vehículos aerodeslizadores autopropulsados",
            "it-IT": "Veicoli hovercraft guidati dai visitatori",
            "nl-NL": "Vliegende schotels die de passagiers zelf besturen",
            "sv-SE": "Självstyrda svävarfordon",
            "ko-KR": "스스로 운전하는 호버크래프트 차량",
            "zh-CN": "每位乘客搭乘气垫船工具",
            "zh-TW": "自助駕駛的飛碟型車輛",
            "pt-BR": "Veículos aéreos automáticos",
            "cs-CZ": "Autodrom se vznášedly",
            "ja-JP": "自分で運転するホバークラフト車両です",
            "pl-PL": "Poduszkowce z własnym napędem",
            "ru-RU": "Самодвижущиеся машины"
        },
        "capacity": {
            "en-GB": "1 person per car",
            "fr-FR": "1 personne par voiture",
            "de-DE": "1 Person pro Wagen",
            "es-ES": "1 persona por vehículo",
            "it-IT": "1 persona a disco volante",
            "nl-NL": "1 passagier per karretje",
            "sv-SE": "1 person per vagn",
            "ko-KR": "차량당 1명의 손님",
            "zh-CN": "1位乘客/每个车厢",
            "zh-TW": "每飛碟1位乘客",
            "pt-BR": "1 pessoa por carro",
            "cs-CZ": "1 místo v každém voze",
            "ja-JP": "各車両1名",
            "pl-PL": "1 osoba na samochód",
            "ru-RU": "1 человек"
        }
    }
}
