{
    "id": "rct2.burgb",
    "authors": ["Chris Sawyer", "Simon Foster"],
    "version": "1.0",
    "originalId": "0A188A80|BURGB   |2BBB59E4",
    "sourceGame": ["rct2", "rct1"],
    "objectType": "ride",
    "properties": {
        "type": "food_stall",
        "category": "stall",
        "sells": "burger",
        "disablePainting": true,
        "carsPerFlatRide": 1,
        "carColours": [
            [
                ["black", "black", "black"]
            ]
        ]
    },
    "images": ["$RCT2:OBJDATA/BURGB.DAT[0..6]"],
    "strings": {
        "name": {
            "en-GB": "Burger Bar",
            "fr-FR": "Bar burger",
            "de-DE": "Burger-Bar",
            "es-ES": "Hamburguesería",
            "it-IT": "Panineria",
            "nl-NL": "Hamburgerbar",
            "sv-SE": "Hamburgarbar",
            "ko-KR": "햄버거 가게",
            "zh-CN": "汉堡店",
            "zh-TW": "漢堡店",
            "pt-BR": "Lanchonete",
            "cs-CZ": "Stánek s burgery",
            "ja-JP": "バーガーショップ",
            "pl-PL": "Bar hamburger",
            "ru-RU": "Бургер-бар"
        },
        "description": {
            "en-GB": "A burger-shaped building selling burgers",
            "fr-FR": "Bâtiment en forme de hamburger vendant... des hamburgers",
            "de-DE": "Ein Gebäude in Burger-Form, in dem Burger verkauft werden",
            "es-ES": "Edificio con forma de hamburguesa que vende hamburguesas",
            "it-IT": "Un edificio a forma di panino che vende panini",
            "nl-NL": "Een hamburgervormig gebouw dat hamburgers verkoopt.",
            "sv-SE": "En hamburgarformad byggnad där man säljer hamburgare",
            "ko-KR": "햄버거를 파는 햄버거 모양의 건물",
            "zh-CN": "汉堡形状的建筑物在卖汉堡",
            "zh-TW": "漢堡形狀的建築物在賣漢堡",
            "pt-BR": "Uma construção em forma de hambúrguer, vendendo hambúrgueres",
            "cs-CZ": "Stánek ve tvaru burgeru podávající burgery",
            "ja-JP": "ハンバーガー形をしたバーガーショップです",
            "pl-PL": "Budynek w kształcie hamburgera, w którym można kupić hamburgery",
            "ru-RU": "Бар, где продаются гамбургеры."
        }
    }
}
