{
    "id": "rct2.dough",
    "authors": ["Chris Sawyer", "Simon Foster"],
    "version": "1.0",
    "originalId": "0A188A80|DOUGH   |197EC555",
    "sourceGame": ["rct2", "rct1ll"],
    "objectType": "ride",
    "properties": {
        "type": "food_stall",
        "category": "stall",
        "sells": "doughnut",
        "disablePainting": true,
        "carsPerFlatRide": 1,
        "carColours": [
            [
                ["black", "black", "black"]
            ]
        ]
    },
    "images": ["$RCT2:OBJDATA/DOUGH.DAT[0..6]"],
    "strings": {
        "name": {
            "en-GB": "Doughnut Shop",
            "en-US": "Donut Shop",
            "fr-FR": "Beignetterie",
            "de-DE": "Doughnut-Laden",
            "es-ES": "Tienda de Donuts",
            "it-IT": "Negozio di ciambelle",
            "nl-NL": "Donutkraam",
            "sv-SE": "Munkaffär",
            "ko-KR": "도넛 가게",
            "zh-CN": "甜甜圈店",
            "zh-TW": "甜甜圈店",
            "pt-BR": "Loja de Rosquinhas",
            "cs-CZ": "Stánek s koblížky",
            "ja-JP": "ドーナツショップ",
            "pl-PL": "Sklepik z pączkami",
            "ru-RU": "Бублики"
        },
        "description": {
            "en-GB": "A stall selling ring-shaped doughnuts",
            "en-US": "A stall selling ring-shaped donuts",
            "fr-FR": "Boutique vendant des beignets en forme d'anneaux",
            "de-DE": "Ein Stand, an dem ringförmige Doughnuts verkauft werden",
            "es-ES": "Un puesto que vende donuts",
            "it-IT": "Un chiosco che vende ciambelle",
            "nl-NL": "Een kraam waar donuts worden verkocht.",
            "sv-SE": "Ett stånd som säljer ringformade munkar",
            "ko-KR": "도넛을 파는 가게",
            "zh-CN": "一家卖圆形的油炸圈饼",
            "zh-TW": "一家賣圓形的油炸圈餅",
            "pt-BR": "Uma barraca vendendo rosquinhas",
            "cs-CZ": "Stánek prodávající americké koblížky",
            "ja-JP": "リングドーナツを売る売店です",
            "pl-PL": "Stoisko sprzedające amerykańskie pączki, zwane też donatami",
            "ru-RU": "Палатка с бубликами"
        }
    }
}
