{
    "id": "rct2.truck1",
    "authors": ["Chris Sawyer", "Simon Foster"],
    "version": "1.1",
    "originalId": "0A188B80|TRUCK1  |58B728C5",
    "sourceGame": ["rct2", "rct1"],
    "objectType": "ride",
    "properties": {
        "type": "car_ride",
        "category": "gentle",
        "hasShelter": true,
        "noCollisionCrashes": true,
        "minCarsPerTrain": 3,
        "maxCarsPerTrain": 3,
        "numEmptyCars": 2,
        "tabCar": 1,
        "headCars": 1,
        "tailCars": 1,
        "carColours": [
            [
                ["bright_red", "bright_red", "black"]
            ],
            [
                ["light_blue", "saturated_brown", "black"]
            ],
            [
                ["yellow", "black", "black"]
            ]
        ],
        "cars": [
            {
                "rotationFrameMask": 31,
                "spacing": 130740,
                "mass": 330,
                "numSeats": 1,
                "numSeatRows": 1,
                "poweredAcceleration": 80,
                "poweredMaxSpeed": 8,
                "drawOrder": 9,
                "frames": {
                    "flat": true,
                    "gentleSlopes": true,
                    "restraintAnimation": true
                },
                "VEHICLE_ENTRY_FLAG_ENABLE_ADDITIONAL_COLOUR_1": true,
                "VEHICLE_ENTRY_FLAG_POWERED": true,
                "loadingPositions": [4]
            },
            {
                "rotationFrameMask": 31,
                "spacing": 34864,
                "poweredAcceleration": 80,
                "poweredMaxSpeed": 8,
                "carVisual": 1,
                "drawOrder": 8,
                "frames": {
                    "flat": true
                },
                "VEHICLE_ENTRY_FLAG_ALLOW_DOORS_DEPRECATED": true,
                "VEHICLE_ENTRY_FLAG_POWERED": true
            }
        ]
    },
    "images": [
        "$RCT2:OBJDATA/TRUCK1.DAT[1]",
        "",
        "",
        "$RCT2:OBJDATA/TRUCK1.DAT[3..266]"
    ],
    "strings": {
        "name": {
            "en-GB": "Pickup Trucks",
            "fr-FR": "Pickups",
            "es-ES": "Pickups",
            "it-IT": "Camion con rimorchio",
            "sv-SE": "Pickup",
            "ko-KR": "소형 트럭",
            "zh-CN": "载运货车",
            "zh-TW": "載運貨車",
            "pt-BR": "Picapes",
            "cs-CZ": "Pickupy",
            "ja-JP": "ピックアップトラック",
            "nl-NL": "Pickuptrucks",
            "pl-PL": "Furgonetki",
            "ru-RU": "Грузовики"
        },
        "description": {
            "en-GB": "Powered vehicles in the shape of pickup trucks",
            "fr-FR": "Véhicules à propulsion en forme de camion",
            "de-DE": "Angetriebene Fahrzeuge in Form von Pickup Trucks",
            "es-ES": "Vehículos autopropulsados con forma de furgonetas pickup",
            "it-IT": "Veicoli a motore a forma di camion con rimorchio",
            "nl-NL": "Elektrische voertuigen in de vorm van een pickuptruck.",
            "sv-SE": "Motordrivna fordon i form av pickupen",
            "ko-KR": "소형 트럭 모양의 차량",
            "zh-CN": "载运货车的外形具有动力机械的车辆",
            "zh-TW": "載運貨車的外形具有動力機械的車輛",
            "pt-BR": "Veículos motorizados na forma de picapes",
            "cs-CZ": "Vozy ve tvaru nákladních aut (pickupů)",
            "ja-JP": "ピックアップトラックの形をした、動力付きの乗物です",
            "pl-PL": "Pojazdy z napędem mające kształt półciężarówek",
            "ru-RU": "Powered vehicles in the shape of pickup trucks"
        },
        "capacity": {
            "en-GB": "1 passenger per truck",
            "fr-FR": "1 passager par camion",
            "de-DE": "1 Passagier pro Wagen",
            "es-ES": "1 pasajero por vehículo",
            "it-IT": "1 passeggero a camion",
            "nl-NL": "1 passagier per truck",
            "sv-SE": "1 passagerare per lastbil",
            "ko-KR": "트럭당 승객 1명",
            "zh-CN": "1 位乘客/每辆货车",
            "zh-TW": "1 位乘客/每輛貨車",
            "pt-BR": "1 passageiro por picape",
            "cs-CZ": "1 místo v každém voze",
            "ja-JP": "各車両1名",
            "pl-PL": "1 pasażer na samochód",
            "ru-RU": "1 пассажир"
        }
    }
}
