{
    "id": "rct2.amt1",
    "authors": ["Chris Sawyer", "Simon Foster"],
    "version": "1.0",
    "originalId": "0A188A80|AMT1    |53A59CAC",
    "sourceGame": ["rct2", "rct1"],
    "objectType": "ride",
    "properties": {
        "type": "mine_train_rc",
        "category": "rollercoaster",
        "maxCarsPerTrain": 9,
        "defaultCar": 1,
        "headCars": 0,
        "carColours": [
            [
                ["bordeaux_red", "grey", "dark_brown"]
            ],
            [
                ["grey", "black", "bordeaux_red"]
            ]
        ],
        "cars": [
            {
                "rotationFrameMask": 31,
                "spacing": 209184,
                "mass": 500,
                "numSeats": 2,
                "numSeatRows": 1,
                "frictionSoundId": 2,
                "soundRange": 2,
                "drawOrder": 6,
                "frames": {
                    "flat": true,
                    "gentleSlopes": true,
                    "steepSlopes": true,
                    "diagonalSlopes": true,
                    "flatBanked": true,
                    "flatToGentleSlopeBankedTransitions": true,
                    "diagonalGentleSlopeBankedTransitions": true,
                    "restraintAnimation": true
                },
                "VEHICLE_ENTRY_FLAG_ENABLE_ADDITIONAL_COLOUR_2": true,
                "VEHICLE_ENTRY_FLAG_ENABLE_ADDITIONAL_COLOUR_1": true,
                "VEHICLE_ENTRY_FLAG_RIDERS_SCREAM": true,
                "loadingPositions": [3, -1]
            },
            {
                "rotationFrameMask": 31,
                "spacing": 209184,
                "mass": 500,
                "numSeats": 4,
                "numSeatRows": 2,
                "frictionSoundId": 2,
                "soundRange": 2,
                "drawOrder": 6,
                "frames": {
                    "flat": true,
                    "gentleSlopes": true,
                    "steepSlopes": true,
                    "diagonalSlopes": true,
                    "flatBanked": true,
                    "flatToGentleSlopeBankedTransitions": true,
                    "diagonalGentleSlopeBankedTransitions": true,
                    "restraintAnimation": true
                },
                "VEHICLE_ENTRY_FLAG_ENABLE_ADDITIONAL_COLOUR_2": true,
                "VEHICLE_ENTRY_FLAG_ENABLE_ADDITIONAL_COLOUR_1": true,
                "VEHICLE_ENTRY_FLAG_RIDERS_SCREAM": true,
                "loadingPositions": [7, 9, -3, -1]
            }
        ]
    },
    "images": ["$RCT2:OBJDATA/AMT1.DAT[0..2222]"],
    "strings": {
        "name": {
            "en-GB": "Mine Trains",
            "fr-FR": "Train de mine",
            "de-DE": "Minenachterbahn",
            "es-ES": "Montaña Rusa Minitrén",
            "it-IT": "Treno delle miniere",
            "nl-NL": "Mijntrein",
            "sv-SE": "Gruvtågsattraktion",
            "ko-KR": "탄광 차량",
            "zh-CN": "坑道冲锋车",
            "zh-TW": "坑道衝鋒車",
            "pt-BR": "Trens de Mina",
            "cs-CZ": "Důlní horská dráha",
            "ja-JP": "マイン・トレイン",
            "pl-PL": "Kolejka kopalniana",
            "ru-RU": "Шахтёрские горки"
        },
        "description": {
            "en-GB": "Mine train themed roller coaster trains career along steel roller coaster track made to look like old railway track",
            "fr-FR": "Trains emmenant les passagers sur des montagnes russes  dont les voies rappellent les vieilles voies ferrées",
            "de-DE": "Minenachterbahnzüge fahren auf Stahlschienen, die so aussehen wie alte Zugschienen",
            "es-ES": "El tren de la mina corre por una vía de acero que recuerda las viejas vías del tren",
            "it-IT": "I treni degli ottovolanti con il tema della miniera si fanno strada lungo un tracciato d'acciaio costruito a somiglianza delle vecchie strade ferrate",
            "nl-NL": "Achtbaantreinen in de vorm van een mijntrein razen over stalen achtbaanrails die er uitziet als een oude spoorbaan.",
            "sv-SE": "Gruvtågsberg- och dalbana - tågen rusar fram längs stålskenor som ser ut som riktiga gamla järnvägsspår",
            "ko-KR": "오래된 선로 트랙처럼 보이지만 튼튼한 강철로 만든 롤러코스터 트랙을 따라 달리는, 광산 차량을 테마로 한 롤러코스터 차량",
            "zh-CN": "坑道冲锋车是以过山车列车延着看起来像老旧铁路轨道的钢制过山车轨道全速前进",
            "zh-TW": "坑道衝鋒車是以雲霄飛車列車延著看起來像老舊鐵路軌道的鋼製雲霄飛車軌道全速前進",
            "pt-BR": "Montanha-russa com trens de mina e pista que reproduz uma ferrovia antiga",
            "cs-CZ": "Horská dráha ve stylu důlních vlaků jezdí po ocelové horské dráze maskované jako staré koleje",
            "ja-JP": "昔の線路のようなスチールのコースを走る、鉱山列車をイメージしたコースターです",
            "pl-PL": "Kolejka górska w stylu górniczym, poruszająca się po stalowych szynach stylizowanych na stary tor kolejowy",
            "ru-RU": "Горный поезд несется по стальным рельсам, похожим на старинную железную дорогу."
        },
        "capacity": {
            "en-GB": "2 or 4 passengers per car",
            "fr-FR": "2 ou 4 passagers par voiture",
            "de-DE": "2 oder 4 Fahrgäste pro Wagen",
            "es-ES": "2 ó 4 pasajeros por vagón",
            "it-IT": "2 o 4 passeggeri a carrozza",
            "nl-NL": "4 passagiers per karretje (voorste karretje 2)",
            "sv-SE": "2 eller 4 passagerare per vagn",
            "ko-KR": "차량당 2명 또는 4명의 승객",
            "zh-CN": "2 or 4 位乘客/每个车厢",
            "zh-TW": "2 或 4 位乘客/每個車廂",
            "pt-BR": "2 ou 4 passageiros por carro",
            "cs-CZ": "2 nebo 4 místa v každém voze",
            "ja-JP": "各車両2名または4名",
            "pl-PL": "2 lub 4 pasażerów na wagonik",
            "ru-RU": "2 или 4 пассажира"
        }
    }
}
