{
    "id": "rct2.bn8",
    "authors": ["Chris Sawyer", "Simon Foster"],
    "version": "1.0",
    "originalId": "0A188F84|BN8     |DFE20EFA",
    "sourceGame": ["rct2", "rct1ll"],
    "objectType": "footpath_banner",
    "properties": {
        "scrollingMode": 26,
        "price": 300,
        "sceneryGroup": "SCGPATHX"
    },
    "images": ["$RCT2:OBJDATA/BN8.DAT[0..7]"],
    "strings": {
        "name": {
            "en-GB": "Snow Covered Sign",
            "fr-FR": "Panneau recouvert de neige",
            "de-DE": "Schneebedecktes Schild",
            "es-ES": "Señal cubierta de nieve",
            "it-IT": "Insegna innevata",
            "nl-NL": "Besneeuwde lichtkrant",
            "sv-SE": "Snötäckt skylt",
            "ko-KR": "눈 쌓인 팻말",
            "zh-CN": "覆雪式招牌",
            "zh-TW": "覆雪式招牌",
            "pt-BR": "Placa Coberta de Neve",
            "cs-CZ": "Zasněžená cedule",
            "ja-JP": "雪をかぶったバナー",
            "pl-PL": "Drogowskaz ośnieżony",
            "ru-RU": "Знак 'Снег'",
            "ar-EG": "علامة مغطاة بالثلج"
        }
    }
}
