{
    "id": "rct2.bn4",
    "authors": ["Chris Sawyer", "Simon Foster"],
    "version": "1.0",
    "originalId": "0A188F84|BN4     |FD7EF62E",
    "sourceGame": ["rct2", "rct1aa"],
    "objectType": "footpath_banner",
    "properties": {
        "scrollingMode": 11,
        "price": 300,
        "sceneryGroup": "SCGPATHX"
    },
    "images": ["$RCT2:OBJDATA/BN4.DAT[0..7]"],
    "strings": {
        "name": {
            "en-GB": "Egyptian Style Sign",
            "fr-FR": "Panneau égyptien",
            "de-DE": "Ägyptisches Schild",
            "es-ES": "Señal estilo egipcio",
            "it-IT": "Insegna stile egiziano",
            "nl-NL": "Lichtkrant in Egyptische stijl",
            "sv-SE": "Egyptisk skylt",
            "ko-KR": "이집트 스타일 팻말",
            "zh-CN": "埃及风格 招牌",
            "zh-TW": "埃及風格 招牌",
            "pt-BR": "Placa Estilo Egípcio",
            "cs-CZ": "Cedule v egyptském stylu",
            "ja-JP": "エジプト風のバナー",
            "pl-PL": "Drogowskaz egipski",
            "ru-RU": "Знак 'Египет'",
            "ar-EG": "علامة علي الطراز المصري"
        }
    }
}
