{
    "id": "rct2.swsh2",
    "authors": ["Chris Sawyer", "Simon Foster"],
    "version": "1.0",
    "originalId": "0A188B80|SWSH2   |53CA2501",
    "sourceGame": ["rct2", "rct1"],
    "objectType": "ride",
    "properties": {
        "type": "swinging_inverter_ship",
        "category": "thrill",
        "tabScale": 0.5,
        "swingMode": 1,
        "carsPerFlatRide": 1,
        "carColours": [
            [
                ["dark_brown", "yellow", "black"]
            ],
            [
                ["bordeaux_red", "white", "black"]
            ],
            [
                ["black", "bordeaux_red", "black"]
            ]
        ],
        "cars": {
            "spacing": 139456,
            "mass": 200,
            "tabOffset": -20,
            "numSeats": 12,
            "seatsInPairs": false,
            "spriteWidth": 90,
            "spriteHeightNegative": 152,
            "spriteHeightPositive": 17,
            "carVisual": 1,
            "drawOrder": 6,
            "frames": {
                "flat": true
            },
            "VEHICLE_ENTRY_FLAG_10": true,
            "VEHICLE_ENTRY_FLAG_ENABLE_ADDITIONAL_COLOUR_1": true,
            "loadingPositions": [10, -10, 10, -10, 18, -18, 18, -18, 26, -26, 26, -26]
        }
    },
    "images": ["$RCT2:OBJDATA/SWSH2.DAT[0..176]"],
    "strings": {
        "name": {
            "en-GB": "Swinging Inverter Ship",
            "fr-FR": "Vaisseau renverseur",
            "de-DE": "Schwingendes Überkopfschiff",
            "es-ES": "Barco Balancín Invertido",
            "it-IT": "Nave oscillante invertita",
            "nl-NL": "Loopingschip",
            "sv-SE": "Svängande skeppet",
            "ko-KR": "360도 바이킹",
            "zh-CN": "倒转摆动的船",
            "zh-TW": "倒轉?動的船",
            "pt-BR": "Navio de Balanço Reverso",
            "cs-CZ": "Houpající se obrácená loď",
            "ja-JP": "スイング・インバータ・シップ",
            "nb-NO": "Roterende skip",
            "pl-PL": "Morska huśtawka",
            "ru-RU": "Качающийся корабль"
        },
        "description": {
            "en-GB": "Ship is attached to an arm with a counterweight at the opposite end, and swings through a complete 360 degrees",
            "fr-FR": "Vaisseau attaché à un bras au bout duquel est fixé un contre-poids et qui produit des cercles complets (360 degrés)",
            "de-DE": "Das Schiff ist an einem Arm angebracht, an dessen gegenüberliegenden Ende ein Gegengewicht ist. Es schwingt komplett um 360 Grad",
            "es-ES": "Barco acoplado a un brazo con contrapeso que le permite hacer giros de 360 grados",
            "it-IT": "La nave è attaccata a un braccio che ha un contrappeso all'altra estremità e che oscilla compiendo giri di 360 gradi",
            "nl-NL": "Schip dat is bevestigd aan een arm met een contragewicht, en 360 graden kan draaien.",
            "sv-SE": "Skeppet är fäst i en arm med en motvikt i andra ändan och svänger runt ett helt varv",
            "ko-KR": "반대편에 균형추가 있는 지지대에 달려있어 완전히 360도로 회전하는 배 모양의 놀이기구",
            "zh-CN": "船是依附在一对面基底上平衡力支架的,以360度摆动方式运行",
            "zh-TW": "船是依附在於對面基底上平衡力支架的,以360度?動方式運行",
            "pt-BR": "O navio é preso a um braço com um contrapeso na ponta oposta, e balança em 360 graus completos",
            "cs-CZ": "Loď je připevněna na podpěru, která se chová jako protizávaží a otáčí se o 360 stupňů",
            "ja-JP": "アームの片側に船が、片側に重りが付いており、360度回転する乗物です",
            "pl-PL": "Statek przymocowany do ramienia z przeciwwagą wykonuje pełne obroty",
            "ru-RU": "Корабль, прикрепленный к балке с противовесом на другом конце, крутится на 360 градусов."
        },
        "capacity": {
            "en-GB": "12 passengers",
            "fr-FR": "12 passagers",
            "de-DE": "12 Fahrgäste",
            "es-ES": "12 pasajeros",
            "it-IT": "12 passeggeri",
            "nl-NL": "12 passagiers",
            "sv-SE": "12 passagerare",
            "ko-KR": "승객 12명",
            "zh-CN": "12 位乘客",
            "zh-TW": "12 位乘客",
            "pt-BR": "12 passageiros",
            "cs-CZ": "12 návštěvníků",
            "ja-JP": "定員12名",
            "pl-PL": "12 pasażerów",
            "ru-RU": "12 пассажиров"
        }
    }
}
