{
    "id": "rct2.mono1",
    "authors": ["Chris Sawyer", "Simon Foster"],
    "version": "1.0",
    "originalId": "0A188B80|MONO1   |6DF225FF",
    "sourceGame": ["rct2", "rct1"],
    "objectType": "ride",
    "properties": {
        "type": "monorail",
        "category": "transport",
        "tabScale": 0.5,
        "hasShelter": true,
        "noCollisionCrashes": true,
        "minCarsPerTrain": 2,
        "maxCarsPerTrain": 8,
        "headCars": 1,
        "tailCars": 2,
        "carColours": [
            [
                ["white", "bright_red", "dark_blue"]
            ],
            [
                ["white", "yellow", "dark_purple"]
            ],
            [
                ["bordeaux_red", "yellow", "black"]
            ],
            [
                ["black", "bright_red", "dark_purple"]
            ]
        ],
        "cars": [
            {
                "rotationFrameMask": 31,
                "spacing": 313776,
                "mass": 1100,
                "tabOffset": 2,
                "numSeats": 10,
                "seatsInPairs": false,
                "frictionSoundId": 2,
                "poweredAcceleration": 180,
                "poweredMaxSpeed": 44,
                "drawOrder": 5,
                "frames": {
                    "flat": true,
                    "gentleSlopes": true,
                    "diagonalSlopes": true,
                    "restraintAnimation": true
                },
                "VEHICLE_ENTRY_FLAG_ENABLE_ADDITIONAL_COLOUR_2": true,
                "VEHICLE_ENTRY_FLAG_ENABLE_ADDITIONAL_COLOUR_1": true,
                "loadingPositions": [10, -10, 8, -8, 10, -10, 8, -8, 10, -10]
            },
            {
                "rotationFrameMask": 31,
                "spacing": 313776,
                "mass": 1600,
                "tabOffset": 2,
                "numSeats": 5,
                "seatsInPairs": false,
                "frictionSoundId": 2,
                "poweredAcceleration": 180,
                "poweredMaxSpeed": 44,
                "drawOrder": 5,
                "frames": {
                    "flat": true,
                    "gentleSlopes": true,
                    "diagonalSlopes": true,
                    "restraintAnimation": true
                },
                "VEHICLE_ENTRY_FLAG_ENABLE_ADDITIONAL_COLOUR_2": true,
                "VEHICLE_ENTRY_FLAG_ENABLE_ADDITIONAL_COLOUR_1": true,
                "VEHICLE_ENTRY_FLAG_POWERED": true,
                "loadingPositions": [-10, -8, -10, -8, -10]
            },
            {
                "rotationFrameMask": 31,
                "spacing": 313776,
                "mass": 1600,
                "tabOffset": 2,
                "numSeats": 5,
                "seatsInPairs": false,
                "frictionSoundId": 2,
                "poweredAcceleration": 180,
                "poweredMaxSpeed": 44,
                "drawOrder": 5,
                "frames": {
                    "flat": true,
                    "gentleSlopes": true,
                    "diagonalSlopes": true,
                    "restraintAnimation": true
                },
                "VEHICLE_ENTRY_FLAG_ENABLE_ADDITIONAL_COLOUR_2": true,
                "VEHICLE_ENTRY_FLAG_ENABLE_ADDITIONAL_COLOUR_1": true,
                "loadingPositions": [10, 8, 10, 8, 10]
            }
        ]
    },
    "images": ["$RCT2:OBJDATA/MONO1.DAT[0..422]"],
    "strings": {
        "name": {
            "en-GB": "Streamlined Monorail Trains",
            "fr-FR": "Trains monorail aérodynamiques",
            "de-DE": "Stromlinienf. Einschienenzüge",
            "es-ES": "Tren Monorrail Aerodinámico",
            "it-IT": "Treni monorotaia aerodinamici",
            "nl-NL": "Gestroomlijnde monorailtrein",
            "sv-SE": "Strömlinjetåg på enspårsskena",
            "ko-KR": "유선형 모노레일 차량",
            "zh-CN": "现代化单轨列车",
            "zh-TW": "流線型單軌電車",
            "pt-BR": "Trens de Monotrilho",
            "cs-CZ": "Aerodynamické jednokolejné vlaky",
            "ja-JP": "流線型のモノレール車両",
            "pl-PL": "Opływowa kolejka jednoszynowa",
            "ru-RU": "Моно-паровозики"
        },
        "description": {
            "en-GB": "Large capacity monorail trains with streamlined front and rear cars",
            "fr-FR": "Trains monorail composés de voitures aérodynamiques à l'avant et à l'arrière",
            "de-DE": "Große Einschienenzüge mit stromlinienförmigen Wagen vorne und hinten",
            "es-ES": "Trenes monoraíl de gran capacidad con coches delateros y traseros aerodinámicos",
            "it-IT": "Treni monorotaia dalla grande capienza, con carrozze alle estremità dalle forme aerodinamiche",
            "nl-NL": "Monorailtrein met gestroomlijnde voor- en achterkant en een hoge capaciteit.",
            "sv-SE": "Högkapacitets enpårståg med vagnar med strömlinjeformad front och bak",
            "ko-KR": "유선형의 전두부와 후두부 차량을 가진 대용량의 모노레일 차량",
            "zh-CN": "前後列车为流线设计，具高载客量的单轨火车。",
            "zh-TW": "大載客量的單軌電車, 車頭車尾都配備著流線型設計",
            "pt-BR": "Trens de Monotrilho de grande capacidade com carros frontais e traseiros alinhados",
            "cs-CZ": "Velkokapacitní jednokolejné vlaky s aerodynamickou přídí a zádí",
            "ja-JP": "流線型の先頭車と客車から成る、定員の多いモノレールです",
            "pl-PL": "Pojemne wagony jednoszynowe, opływowe na obu końcach",
            "ru-RU": "Вместимые монорельсовые поезда с паровозами"
        },
        "capacity": {
            "en-GB": "5 or 10 passengers per car",
            "fr-FR": "5 ou 10 passagers par voiture",
            "de-DE": "5 oder 10 Fahrgäste pro Wagen",
            "es-ES": "5 ó 10 pasajeros por vagón",
            "it-IT": "5 o 10 passeggeri a carrozza",
            "nl-NL": "10 passagiers per karretje (voor en achter 5)",
            "sv-SE": "5 eller 10 passagerare per vagn",
            "ko-KR": "차량당 5명 또는 10명의 승객",
            "zh-CN": "5或10位乘客/每个车厢",
            "zh-TW": "每車卡5或10位乘客",
            "pt-BR": "5 ou 10 passageiros por carro",
            "cs-CZ": "5 nebo 10 míst v každém vagónu",
            "ja-JP": "各車両5名または10名",
            "pl-PL": "5 lub 10 pasażerów na wagonik",
            "ru-RU": "5 или 10 пассажиров"
        }
    }
}
