{
    "id": "rct2.popcs",
    "authors": ["Chris Sawyer", "Simon Foster"],
    "version": "1.0",
    "originalId": "0A188B80|POPCS   |36E12446",
    "sourceGame": ["rct2", "rct1"],
    "objectType": "ride",
    "properties": {
        "type": "food_stall",
        "category": "stall",
        "sells": "popcorn",
        "disablePainting": true,
        "carsPerFlatRide": 1,
        "carColours": [
            [
                ["black", "black", "black"]
            ]
        ]
    },
    "images": ["$RCT2:OBJDATA/POPCS.DAT[0..6]"],
    "strings": {
        "name": {
            "en-GB": "Popcorn Stall",
            "fr-FR": "Popcorn",
            "de-DE": "Popcornstand",
            "es-ES": "Puesto de palomitas",
            "it-IT": "Chiosco dei pop-corn",
            "nl-NL": "Popcornkraam",
            "sv-SE": "Popcornstånd",
            "ko-KR": "팝콘 가게",
            "zh-CN": "爆米花店",
            "zh-TW": "爆米花店",
            "pt-BR": "Barraca de Pipoca",
            "cs-CZ": "Stánek s popcornem",
            "ja-JP": "ポップコーンショップ",
            "pl-PL": "Kiosk z popcornem",
            "ru-RU": "Попкорн"
        },
        "description": {
            "en-GB": "A stall selling giant buckets of popcorn",
            "fr-FR": "Boutique vendant de grands pots de popcorn",
            "de-DE": "Ein Stand, an dem riesige Popcorneimer verkauft werden",
            "es-ES": "Un puesto que vende gigantes cubos de palomitas",
            "it-IT": "Un chiosco che vende cesti giganti di pop-corn",
            "nl-NL": "Een kraam waar grote emmers popcorn worden verkocht.",
            "sv-SE": "Ett stånd som säljer jättebägare med popcorn",
            "ko-KR": "팝콘 한 바구니를 가득 채워 파는 가게",
            "zh-CN": "卖大桶爆米花的店",
            "zh-TW": "賣大桶爆米花的店",
            "pt-BR": "Uma barraca vendendo baldes gigantes de pipoca",
            "cs-CZ": "Stánek prodávající obrovské kelímky popcornu",
            "ja-JP": "ポップコーンを売る売店です",
            "pl-PL": "Stoisko sprzedające wielkie pudełka popcornu",
            "ru-RU": "Палатка с Попкорном"
        }
    }
}
