{
    "id": "rct2.bmsd",
    "authors": ["Chris Sawyer", "Simon Foster"],
    "version": "1.0",
    "originalId": "0A188A80|BMSD    |E64D1747",
    "sourceGame": ["rct2", "rct1aa"],
    "objectType": "ride",
    "properties": {
        "type": "twister_rc",
        "category": "rollercoaster",
        "limitAirTimeBonus": true,
        "minCarsPerTrain": 5,
        "maxCarsPerTrain": 9,
        "numEmptyCars": 1,
        "tabCar": 1,
        "headCars": 1,
        "maxHeight": 40,
        "carColours": [
            [
                ["bright_green", "yellow", "yellow"]
            ],
            [
                ["bright_red", "white", "light_orange"]
            ],
            [
                ["light_blue", "light_blue", "white"]
            ]
        ],
        "cars": [
            {
                "rotationFrameMask": 31,
                "spacing": 130740,
                "mass": 650,
                "numSeats": 4,
                "numSeatRows": 2,
                "frictionSoundId": 57,
                "soundRange": 0,
                "drawOrder": 8,
                "frames": {
                    "flat": true,
                    "gentleSlopes": true,
                    "steepSlopes": true,
                    "verticalSlopes": true,
                    "diagonalSlopes": true,
                    "flatBanked": true,
                    "inlineTwists": true,
                    "flatToGentleSlopeBankedTransitions": true,
                    "diagonalGentleSlopeBankedTransitions": true,
                    "gentleSlopeBankedTransitions": true,
                    "gentleSlopeBankedTurns": true,
                    "flatToGentleSlopeWhileBankedTransitions": true,
                    "corkscrews": true,
                    "restraintAnimation": true
                },
                "VEHICLE_ENTRY_FLAG_ENABLE_ADDITIONAL_COLOUR_2": true,
                "VEHICLE_ENTRY_FLAG_ENABLE_ADDITIONAL_COLOUR_1": true,
                "VEHICLE_ENTRY_FLAG_RIDERS_SCREAM": true,
                "loadingPositions": [-2, -4, -2, -4]
            },
            {
                "rotationFrameMask": 31,
                "spacing": 95876,
                "mass": 525,
                "frictionSoundId": 57,
                "soundRange": 0,
                "drawOrder": 8,
                "frames": {
                    "flat": true,
                    "gentleSlopes": true,
                    "steepSlopes": true,
                    "verticalSlopes": true,
                    "diagonalSlopes": true,
                    "flatBanked": true,
                    "inlineTwists": true,
                    "flatToGentleSlopeBankedTransitions": true,
                    "diagonalGentleSlopeBankedTransitions": true,
                    "gentleSlopeBankedTransitions": true,
                    "gentleSlopeBankedTurns": true,
                    "flatToGentleSlopeWhileBankedTransitions": true,
                    "corkscrews": true
                },
                "VEHICLE_ENTRY_FLAG_ENABLE_ADDITIONAL_COLOUR_2": true,
                "VEHICLE_ENTRY_FLAG_ENABLE_ADDITIONAL_COLOUR_1": true,
                "VEHICLE_ENTRY_FLAG_RIDERS_SCREAM": true
            }
        ]
    },
    "images": ["$RCT2:OBJDATA/BMSD.DAT[0..3350]"],
    "strings": {
        "name": {
            "en-GB": "Twister Trains",
            "fr-FR": "Montagnes tornado",
            "de-DE": "Twister-Züge",
            "es-ES": "Montaña Rusa Tornado",
            "it-IT": "Ottovolante contorsionista",
            "nl-NL": "Twistertrein",
            "sv-SE": "Twistberg- och dalbana",
            "ko-KR": "트위스터 열차",
            "zh-CN": "旋风式过山车",
            "zh-TW": "旋風式雲霄飛車",
            "pt-BR": "Trens Tornado",
            "cs-CZ": "Zakroucená horská dráha",
            "ja-JP": "ツイスター・ジェットコースター",
            "pl-PL": "Zwijka",
            "ru-RU": "Твистер-коастер"
        },
        "description": {
            "en-GB": "Spacious trains with shoulder restraints",
            "fr-FR": "De larges trains glissent le long de montagnes russes métalliques régulières proposant un grand éventail d'inversions",
            "de-DE": "Breite Achterbahnzüge mit Schulterhalterungen",
            "es-ES": "Montaña rusa amplia sobre vías de acero que efectúa varias inversiones",
            "it-IT": "Dei grandi treni sfrecciano su un tracciato di acciaio passando per tutta una serie di inversioni",
            "nl-NL": "Brede achtbaantrein die langs de soepele stalen baan glijdt en door diverse soorten omkeringen gaat.",
            "sv-SE": "Ett brett berg- och dalbanetåg som glider längs mjuka stålskenor, åker genom en blandning av omvändningar",
            "ko-KR": "여러 종류의 루프를 돌면서 부드러운 강철 트랙을 달리는 넓은 롤러코스터 차량",
            "zh-CN": "过山车列车延着平滑的轨道上一起穿过多变反转式的钢制轨道滑行",
            "zh-TW": "雲霄飛車列車延著平滑的軌道上一起穿過多變反轉式的鋼製軌道滑行",
            "pt-BR": "Trens espaçosos com travas de ombro",
            "ar-EG": "A spacious train with shoulder restraints",
            "cs-CZ": "Rozměrná horská dráha s vozy vybavenými ramenními opěrkami",
            "en-US": "A spacious train with shoulder restraints",
            "ja-JP": "さまざまな反転を持つスムーズなスチールコースを滑走する幅広のローラーコースターです",
            "pl-PL": "Szerokie wagoniki suną po gładkim stalowym torze, pokonując liczne ostre zakręty",
            "ru-RU": "Широкие поезда скользят по гладким рельсам со множеством поворотов"
        },
        "capacity": {
            "en-GB": "4 passengers per car",
            "fr-FR": "4 passagers par voiture",
            "de-DE": "4 Fahrgäste pro Wagen",
            "es-ES": "4 pasajeros por vagón",
            "it-IT": "4 passeggeri a carrozza",
            "nl-NL": "4 passagiers per karretje",
            "sv-SE": "4 passagerare per vagn",
            "ko-KR": "차량당 4명의 승객",
            "zh-CN": "4 位乘客/每个车厢",
            "zh-TW": "4 位乘客/每個車廂",
            "pt-BR": "4 passageiros por carro",
            "cs-CZ": "4 místa v každém voze",
            "ja-JP": "各車両4名",
            "pl-PL": "4 pasażerów na wagonik",
            "ru-RU": "4 пассажира"
        }
    }
}
