{
    "id": "rct2.sbox",
    "authors": ["Chris Sawyer", "Simon Foster"],
    "version": "1.0",
    "originalId": "0A188B80|SBOX    |E2B4D8AB",
    "sourceGame": "rct2",
    "objectType": "ride",
    "properties": {
        "type": "steeplechase",
        "category": "rollercoaster",
        "carColours": [
            [
                ["saturated_brown", "light_brown", "yellow"]
            ],
            [
                ["black", "grey", "bright_red"]
            ],
            [
                ["grey", "bordeaux_red", "yellow"]
            ]
        ],
        "cars": {
            "rotationFrameMask": 31,
            "spacing": 278912,
            "mass": 800,
            "numSeats": 4,
            "numSeatRows": 2,
            "frictionSoundId": 2,
            "soundRange": 0,
            "drawOrder": 5,
            "frames": {
                "flat": true,
                "gentleSlopes": true,
                "diagonalSlopes": true
            },
            "VEHICLE_ENTRY_FLAG_ENABLE_ADDITIONAL_COLOUR_2": true,
            "VEHICLE_ENTRY_FLAG_ENABLE_ADDITIONAL_COLOUR_1": true,
            "VEHICLE_ENTRY_FLAG_RIDERS_SCREAM": true,
            "loadingPositions": [-8, 1, -8, 1]
        }
    },
    "images": ["$RCT2:OBJDATA/SBOX.DAT[0..386]"],
    "strings": {
        "name": {
            "en-GB": "Soap Boxes",
            "fr-FR": "Savonneuse",
            "de-DE": "Seifenkisten",
            "es-ES": "Carreras de Jaboneras",
            "it-IT": "Derby delle scatole di sapone",
            "nl-NL": "Zeepkisten",
            "sv-SE": "Lådbilsrally",
            "ko-KR": "조립 경주차",
            "zh-CN": "肥皂盒德贝赛车",
            "zh-TW": "肥皂盒德貝賽車",
            "pt-BR": "Caixas de Sabão",
            "cs-CZ": "Závodní krabičky od mýdla",
            "ja-JP": "石鹸箱ダービーレース",
            "pl-PL": "Wyścigi mydelniczek",
            "ru-RU": "Мыльные Гонки"
        },
        "description": {
            "en-GB": "Single cars shaped like a soap box",
            "fr-FR": "Voiture en forme de boîte à savon se déplaçant sur des montagnes russes monorail",
            "de-DE": "Einzelwagen, die wie Seifenkisten geformt sind",
            "es-ES": "Los pasajeros usan vagones con forma de jaboneras",
            "it-IT": "I visitatori salgono su carrozze a forma di scatole di sapone che corrono lungo un tracciato monorotaia da ottovolante",
            "nl-NL": "Passagiers zitten in voertuigen in de vorm van een zeepkist die over een enkele rail lopen.",
            "sv-SE": "Passagerarna åker i lådbilar längs en enkelspårig berg- och dalbana",
            "ko-KR": "하나의 레일로 이루어진 롤러코스터 트랙을 이동하는 조립 경주차 모양의 차량",
            "zh-CN": "乘客乘坐在肥皂盒外形的车辆延着单轨式的过山车",
            "zh-TW": "乘客乘坐在肥皂盒外形的車輛延著單軌式的雲霄飛車",
            "pt-BR": "Carros únicos moldados como caixas de sabão",
            "cs-CZ": "Návštěvníci jezdí v závodních vozech ve tvaru dávných krabiček od mýdla",
            "ja-JP": "石鹸入れの形をした車両の、シングルレールコースのローラーコースターです",
            "pl-PL": "Pasażerowie jadą wagonikami w kształcie mydelniczek po jednoszynowym torze kolejki",
            "ru-RU": "Гонки на машинках в виде мыльниц по американским горкам."
        },
        "capacity": {
            "en-GB": "4 riders per car",
            "fr-FR": "4 passagers par voiture",
            "de-DE": "4 Fahrgäste pro Wagen",
            "es-ES": "4 pasajeros por vagón",
            "it-IT": "4 passeggeri a carrozza",
            "nl-NL": "4 passagiers per zeepkist",
            "sv-SE": "4 passagerare per vagn",
            "ko-KR": "차량당 4명의 승객",
            "zh-CN": "4 位乘客/每个车厢",
            "zh-TW": "4 位乘客/每個車廂",
            "pt-BR": "4 passageiros por vagão",
            "cs-CZ": "4 místa v každém voze",
            "ja-JP": "各車両4名",
            "pl-PL": "4 pasażerów na wagonik",
            "ru-RU": "4 чел."
        }
    }
}
