{
    "id": "rct2.premt1",
    "authors": ["Chris Sawyer", "Simon Foster"],
    "version": "1.0",
    "originalId": "0A188B80|PREMT1  |6E69293A",
    "sourceGame": "rct2",
    "objectType": "ride",
    "properties": {
        "type": "lim_launched_rc",
        "category": "rollercoaster",
        "limitAirTimeBonus": true,
        "minCarsPerTrain": 3,
        "maxCarsPerTrain": 7,
        "defaultCar": 1,
        "headCars": 0,
        "ratingMultipler": {
            "intensity": 10
        },
        "carColours": [
            [
                ["light_blue", "white", "yellow"]
            ],
            [
                ["bright_red", "yellow", "yellow"]
            ],
            [
                ["white", "bordeaux_red", "bordeaux_red"]
            ]
        ],
        "cars": [
            {
                "rotationFrameMask": 31,
                "spacing": 244048,
                "mass": 600,
                "numSeats": 4,
                "numSeatRows": 2,
                "frictionSoundId": 2,
                "soundRange": 2,
                "drawOrder": 9,
                "frames": {
                    "flat": true,
                    "gentleSlopes": true,
                    "steepSlopes": true,
                    "verticalSlopes": true,
                    "diagonalSlopes": true,
                    "flatBanked": true,
                    "inlineTwists": true,
                    "flatToGentleSlopeBankedTransitions": true,
                    "diagonalGentleSlopeBankedTransitions": true,
                    "gentleSlopeBankedTransitions": true,
                    "gentleSlopeBankedTurns": true,
                    "flatToGentleSlopeWhileBankedTransitions": true,
                    "corkscrews": true,
                    "restraintAnimation": true
                },
                "VEHICLE_ENTRY_FLAG_ENABLE_ADDITIONAL_COLOUR_2": true,
                "VEHICLE_ENTRY_FLAG_ENABLE_ADDITIONAL_COLOUR_1": true,
                "VEHICLE_ENTRY_FLAG_RIDERS_SCREAM": true,
                "loadingPositions": [5, 3, -7, -9]
            },
            {
                "rotationFrameMask": 31,
                "spacing": 244048,
                "mass": 500,
                "numSeats": 4,
                "numSeatRows": 2,
                "frictionSoundId": 2,
                "soundRange": 2,
                "drawOrder": 9,
                "frames": {
                    "flat": true,
                    "gentleSlopes": true,
                    "steepSlopes": true,
                    "verticalSlopes": true,
                    "diagonalSlopes": true,
                    "flatBanked": true,
                    "inlineTwists": true,
                    "flatToGentleSlopeBankedTransitions": true,
                    "diagonalGentleSlopeBankedTransitions": true,
                    "gentleSlopeBankedTransitions": true,
                    "gentleSlopeBankedTurns": true,
                    "flatToGentleSlopeWhileBankedTransitions": true,
                    "corkscrews": true,
                    "restraintAnimation": true
                },
                "VEHICLE_ENTRY_FLAG_ENABLE_ADDITIONAL_COLOUR_2": true,
                "VEHICLE_ENTRY_FLAG_ENABLE_ADDITIONAL_COLOUR_1": true,
                "VEHICLE_ENTRY_FLAG_RIDERS_SCREAM": true,
                "loadingPositions": [7, 9, -3, -1]
            }
        ]
    },
    "images": ["$RCT2:OBJDATA/PREMT1.DAT[0..5042]"],
    "strings": {
        "name": {
            "en-GB": "LIM Launched Roller Coaster Trains",
            "fr-FR": "Moteur à induction linéaire",
            "de-DE": "LIM-getriebene Achterbahnzüge",
            "es-ES": "Montaña Rusa Impulso MLI",
            "it-IT": "Ottovolante lanciato con MIL",
            "nl-NL": "Trein voor LIM-lanceringsachtbaan",
            "sv-SE": "Induktionsberg- och dalbana",
            "ko-KR": "LIM 발진 롤러코스터 차량",
            "zh-CN": "极限发射过山车",
            "zh-TW": "極限發射雲霄飛車",
            "pt-BR": "Trens Montanh-Russa de Indução Linear",
            "cs-CZ": "Horská dráha s elektromotorem",
            "ja-JP": "リニアモーターコースター",
            "pl-PL": "Kolejka z napędem liniowym",
            "ru-RU": "Горки на LIM"
        },
        "description": {
            "en-GB": "Roller coaster trains that are accelerated by linear induction motors",
            "fr-FR": "Train de montagnes russes propulsé hors de la station par des moteurs à induction linéaire et fonçant dans des inversion renversantes",
            "de-DE": "Achterbahnzüge, die mit Hilfe von linearen Induktionsmotoren beschleunigt werden",
            "es-ES": "Los vagones se aceleran por los motores lineales de inducción",
            "it-IT": "I treni da ottovolante vengono fatti accelerare dalla stazione con motori a induzione lineare (MIL) per poter affrontare vari capovolgimenti e serpentine",
            "nl-NL": "Achtbaantreinen worden door lineaire inductiemotoren het station uit gelanceerd en razen door een kronkelende baan die vaak over de kop gaat.",
            "sv-SE": "Berg- och dalbanetågen accelereras ut från stationen med induktionsmotorer för att fara genom tvinnade inversioner",
            "ko-KR": "역에서 선형 유도 모터에 의해 가속되어 꼬여있는 트랙을 빠른 속도로 통과하는 롤러코스터 차량",
            "zh-CN": "过山车列车由车站被直线加速机械射出到反转式旋转轨道",
            "zh-TW": "雲霄飛車列車由車站被直線加速機械射出到反轉式旋轉軌道",
            "pt-BR": "Trens de montanha-russa que são impulsionados por motores de indução linear",
            "cs-CZ": "Horská dráha s vozy poháněnými elektromotorem, které sviští skrze propletenou dráhu",
            "ja-JP": "リニアモーターで急速発進するローラーコースターで、加速してひねりのある反転を走行します",
            "pl-PL": "Wagoniki są rozpędzane za pomocą magnetycznego silnika liniowego i podróżują tam i z powrotem po zakręconym torze",
            "ru-RU": "Поезда, разгоняемые от станции линейным индукционным мотором."
        },
        "capacity": {
            "en-GB": "4 passengers per car",
            "fr-FR": "4 passagers par voiture",
            "de-DE": "4 Fahrgäste pro Wagen",
            "es-ES": "4 pasajeros por vagón",
            "it-IT": "4 passeggeri a carrozza",
            "nl-NL": "4 passagiers per karretje",
            "sv-SE": "4 passagerare per vagn",
            "ko-KR": "차량당 4명의 승객",
            "zh-CN": "4 位乘客/每个车厢",
            "zh-TW": "4 位乘客/每個車廂",
            "pt-BR": "4 passageiros por vagão",
            "cs-CZ": "4 místa v každém voze",
            "ja-JP": "各車両4名",
            "pl-PL": "4 pasażerów na wagonik",
            "ru-RU": "4 пассажира"
        }
    }
}
