{
    "id": "rct2.bmfl",
    "authors": ["Chris Sawyer", "Simon Foster"],
    "version": "1.0",
    "originalId": "0A188A80|BMFL    |F6F209D9",
    "sourceGame": ["rct2", "rct1aa"],
    "objectType": "ride",
    "properties": {
        "type": "twister_rc",
        "category": "rollercoaster",
        "limitAirTimeBonus": true,
        "minCarsPerTrain": 4,
        "maxCarsPerTrain": 8,
        "ratingMultipler": {
            "excitement": 10,
            "intensity": 5,
            "nausea": 10
        },
        "maxHeight": 34,
        "carColours": [
            [
                ["black", "bright_pink", "black"]
            ],
            [
                ["bordeaux_red", "black", "bordeaux_red"]
            ],
            [
                ["yellow", "grey", "bright_red"]
            ]
        ],
        "cars": {
            "rotationFrameMask": 31,
            "spacing": 130740,
            "mass": 710,
            "numSeats": 4,
            "numSeatRows": 2,
            "frictionSoundId": 57,
            "soundRange": 0,
            "drawOrder": 8,
            "frames": {
                "flat": true,
                "gentleSlopes": true,
                "steepSlopes": true,
                "verticalSlopes": true,
                "diagonalSlopes": true,
                "flatBanked": true,
                "inlineTwists": true,
                "flatToGentleSlopeBankedTransitions": true,
                "diagonalGentleSlopeBankedTransitions": true,
                "gentleSlopeBankedTransitions": true,
                "gentleSlopeBankedTurns": true,
                "flatToGentleSlopeWhileBankedTransitions": true,
                "corkscrews": true,
                "restraintAnimation": true
            },
            "VEHICLE_ENTRY_FLAG_ENABLE_ADDITIONAL_COLOUR_2": true,
            "VEHICLE_ENTRY_FLAG_ENABLE_ADDITIONAL_COLOUR_1": true,
            "VEHICLE_ENTRY_FLAG_RIDERS_SCREAM": true,
            "loadingPositions": [-2, -4, -2, -4]
        }
    },
    "images": ["$RCT2:OBJDATA/BMFL.DAT[0..2522]"],
    "strings": {
        "name": {
            "en-GB": "Floorless Twister Trains",
            "fr-FR": "Train sans fond",
            "de-DE": "Bodenlose Twister-Züge",
            "es-ES": "Montaña Rusa Sin Suelo",
            "it-IT": "Ottovolante senza pavimento",
            "nl-NL": "Twistertrein zonder vloer",
            "sv-SE": "Golvlös berg- och dalbana",
            "ko-KR": "플로어리스 트위스터 차량",
            "zh-CN": "无地板式过山车",
            "zh-TW": "無地板式雲霄飛車",
            "pt-BR": "Trens Tornado sem chão",
            "cs-CZ": "Zakroucená horská dráha bez podlahy",
            "ja-JP": "フロアレス・ジェットコースター",
            "pl-PL": "Kolejka bezpodłogowa",
            "ru-RU": "Горки без пола"
        },
        "description": {
            "en-GB": "A spacious train with shoulder restraints and no floor, making for a more exciting ride",
            "fr-FR": "Grand train de montagnes russes sans plancher donnant une sensation de plein-air aux passagers le long d'une voie alambiquée dotée de plusieurs inversions",
            "de-DE": "Ein geräumiger Zug mit Schulterhalterungen und ohne Boden, was für eine aufregendere Fahrt sorgt",
            "es-ES": "Montaña rusa sin suelo, que da la sensación de estar al aire abierto",
            "it-IT": "Grandi treni da ottovolante senza pavimento danno ai passeggeri la sensazione di volare senza sostegno mentre attraversano un tracciato contorto dalle inversioni multiple",
            "nl-NL": "Brede achtbaantreinen zonder vloer, die de passagiers het gevoel geeft in de open lucht te zijn terwijl ze langs de kronkelende baan en door meerdere omkeringen glijden.",
            "sv-SE": "Breda tåg utan golv ger passagerarna en luftkänsla när de glider genom skruvade spår och flera omkastningar",
            "ko-KR": "꼬여있는 트랙과 여러 전이를 미끄러지듯 통과하면서 승객들에게 광활한 허공을 느끼게 해주는, 바닥이 없는 넓은 롤러코스터 차량",
            "zh-CN": "狂黟的过山车列车没有给乘客地板,在疾速经过旋转轨道及多样反转刺激时感受在空中的感觉",
            "zh-TW": "瘋狂的雲霄飛車列車沒有給乘客地板,在疾速經過旋轉軌道及多樣反轉刺激時感受在空中的感覺",
            "pt-BR": "Um trem espaçoso com travas de ombro e sem chão, deixando o passeio mais emocionante",
            "cs-CZ": "Rozměrná horská dráha s vozy vybavenými ramenními opěrkami a s chybějící podlahou ve vozech, díky čemuž je jízda opravdu záživná",
            "ja-JP": "床がない幅広のコースターで、コースにはひねりと複数の反転があり、あたかも空を飛んでいるような気分になります",
            "pl-PL": "Szerokie wagoniki pozbawione podłóg zapewniają pasażerom dobry widok podczas jazdy trasą z wieloma zakrętami",
            "ru-RU": "Широкие поезда без пола дают пассажирам чувство свободы, когда они едут по извивающейся трассе."
        },
        "capacity": {
            "en-GB": "4 passengers per car",
            "fr-FR": "4 passagers par voiture",
            "de-DE": "4 Fahrgäste pro Wagen",
            "es-ES": "4 pasajeros por vagón",
            "it-IT": "4 passeggeri a carrozza",
            "nl-NL": "4 passagiers per karretje",
            "sv-SE": "4 passagerare per vagn",
            "ko-KR": "차량당 4명의 승객",
            "zh-CN": "4 位乘客/每个车厢",
            "zh-TW": "4 位乘客/每個車廂",
            "pt-BR": "4 passageiros por vagão",
            "cs-CZ": "4 místa v každém voze",
            "ja-JP": "各車両4名",
            "pl-PL": "4 pasażerów na wagonik",
            "ru-RU": "4 пассажира"
        }
    }
}
