{
    "id": "rct2.gdrop1",
    "authors": ["Chris Sawyer", "Simon Foster"],
    "version": "1.0",
    "originalId": "0A188A80|GDROP1  |CFBA20A5",
    "sourceGame": ["rct2", "rct1aa"],
    "objectType": "ride",
    "properties": {
        "type": "roto_drop",
        "category": "thrill",
        "tabScale": 0.5,
        "carsPerFlatRide": 1,
        "carColours": [
            [
                ["black", "yellow", "black"]
            ],
            [
                ["light_purple", "bright_red", "black"]
            ]
        ],
        "cars": {
            "rotationFrameMask": 3,
            "spacing": 174320,
            "mass": 1800,
            "tabOffset": -5,
            "numSeats": 16,
            "seatsInPairs": false,
            "spriteWidth": 32,
            "spriteHeightNegative": 40,
            "spriteHeightPositive": 16,
            "soundRange": 0,
            "carVisual": 9,
            "drawOrder": 6,
            "frames": {
                "flat": true
            },
            "VEHICLE_ENTRY_FLAG_10": true,
            "VEHICLE_ENTRY_FLAG_ENABLE_ADDITIONAL_COLOUR_1": true,
            "VEHICLE_ENTRY_FLAG_RIDERS_SCREAM": true,
            "numSegments": 4,
            "loadingWaypoints": [
                [
                    [28, 28],
                    [-28, 28],
                    [-23, 0]
                ],
                [
                    [-28, -28],
                    [-22, 4],
                    [-23, 0]
                ],
                [
                    [-22, 4],
                    [-22, 4],
                    [-23, 0]
                ],
                [
                    [-28, 28],
                    [-22, 4],
                    [-23, 0]
                ],
                [
                    [28, 28],
                    [4, 22],
                    [0, 23]
                ],
                [
                    [28, -28],
                    [28, 28],
                    [0, 23]
                ],
                [
                    [-28, 28],
                    [4, 22],
                    [0, 23]
                ],
                [
                    [4, 22],
                    [4, 22],
                    [0, 23]
                ],
                [
                    [22, -4],
                    [22, -4],
                    [23, 0]
                ],
                [
                    [28, -28],
                    [22, -4],
                    [23, 0]
                ],
                [
                    [-28, -28],
                    [28, -28],
                    [23, 0]
                ],
                [
                    [28, 28],
                    [22, -4],
                    [23, 0]
                ],
                [
                    [28, -28],
                    [-4, -22],
                    [0, -23]
                ],
                [
                    [-4, -22],
                    [-4, -22],
                    [0, -23]
                ],
                [
                    [-28, -28],
                    [-4, -22],
                    [0, -23]
                ],
                [
                    [-28, 28],
                    [-28, -28],
                    [0, -23]
                ],
                [
                    [28, 28],
                    [-28, 28],
                    [-23, 6]
                ],
                [
                    [-28, -28],
                    [-22, 4],
                    [-23, 6]
                ],
                [
                    [-22, 4],
                    [-22, 4],
                    [-23, 6]
                ],
                [
                    [-28, 28],
                    [-22, 4],
                    [-23, 6]
                ],
                [
                    [28, 28],
                    [4, 22],
                    [6, 23]
                ],
                [
                    [28, -28],
                    [28, 28],
                    [6, 23]
                ],
                [
                    [-28, 28],
                    [4, 22],
                    [6, 23]
                ],
                [
                    [4, 22],
                    [4, 22],
                    [6, 23]
                ],
                [
                    [22, -4],
                    [22, -4],
                    [23, -6]
                ],
                [
                    [28, -28],
                    [22, -4],
                    [23, -6]
                ],
                [
                    [-28, -28],
                    [28, -28],
                    [23, -6]
                ],
                [
                    [28, 28],
                    [22, -4],
                    [23, -6]
                ],
                [
                    [28, -28],
                    [-4, -22],
                    [-6, -23]
                ],
                [
                    [-4, -22],
                    [-4, -22],
                    [-6, -23]
                ],
                [
                    [-28, -28],
                    [-4, -22],
                    [-6, -23]
                ],
                [
                    [-28, 28],
                    [-28, -28],
                    [-6, -23]
                ],
                [
                    [28, 28],
                    [-28, 28],
                    [-16, 16]
                ],
                [
                    [-28, -28],
                    [-22, 4],
                    [-16, 16]
                ],
                [
                    [-22, 4],
                    [-22, 4],
                    [-16, 16]
                ],
                [
                    [-28, 28],
                    [-22, 4],
                    [-16, 16]
                ],
                [
                    [28, 28],
                    [4, 22],
                    [16, 16]
                ],
                [
                    [28, -28],
                    [28, 28],
                    [16, 16]
                ],
                [
                    [-28, 28],
                    [4, 22],
                    [16, 16]
                ],
                [
                    [4, 22],
                    [4, 22],
                    [16, 16]
                ],
                [
                    [22, -4],
                    [22, -4],
                    [16, -16]
                ],
                [
                    [28, -28],
                    [22, -4],
                    [16, -16]
                ],
                [
                    [-28, -28],
                    [28, -28],
                    [16, -16]
                ],
                [
                    [28, 28],
                    [22, -4],
                    [16, -16]
                ],
                [
                    [28, -28],
                    [-4, -22],
                    [-16, -16]
                ],
                [
                    [-4, -22],
                    [-4, -22],
                    [-16, -16]
                ],
                [
                    [-28, -28],
                    [-4, -22],
                    [-16, -16]
                ],
                [
                    [-28, 28],
                    [-28, -28],
                    [-16, -16]
                ],
                [
                    [28, 28],
                    [4, 22],
                    [-6, 23]
                ],
                [
                    [28, -28],
                    [28, 28],
                    [-6, 23]
                ],
                [
                    [-28, 28],
                    [4, 22],
                    [-6, 23]
                ],
                [
                    [4, 22],
                    [4, 22],
                    [-6, 23]
                ],
                [
                    [22, -4],
                    [22, -4],
                    [23, 6]
                ],
                [
                    [28, -28],
                    [22, -4],
                    [23, 6]
                ],
                [
                    [-28, -28],
                    [28, -28],
                    [23, 6]
                ],
                [
                    [28, 28],
                    [22, -4],
                    [23, 6]
                ],
                [
                    [28, -28],
                    [-4, -22],
                    [6, -23]
                ],
                [
                    [-4, -22],
                    [-4, -22],
                    [6, -23]
                ],
                [
                    [-28, -28],
                    [-4, -22],
                    [6, -23]
                ],
                [
                    [-28, 28],
                    [-28, -28],
                    [6, -23]
                ],
                [
                    [28, 28],
                    [-28, 28],
                    [-23, -6]
                ],
                [
                    [-28, -28],
                    [-22, 4],
                    [-23, -6]
                ],
                [
                    [-22, 4],
                    [-22, 4],
                    [-23, -6]
                ],
                [
                    [-28, 28],
                    [-22, 4],
                    [-23, -6]
                ]
            ]
        }
    },
    "images": ["$RCT2:OBJDATA/GDROP1.DAT[0..150]"],
    "strings": {
        "name": {
            "en-GB": "Roto-Drop",
            "fr-FR": "Roto-toboggan",
            "es-ES": "Caída Giratoria",
            "it-IT": "Roto-discesa",
            "nl-NL": "Roto-drop",
            "sv-SE": "Roto-fall",
            "ko-KR": "자이로드롭",
            "zh-CN": "落下旋转车Roto-Drop",
            "zh-TW": "落下旋轉車",
            "pt-BR": "Queda Giratória",
            "cs-CZ": "Roto-pád",
            "ja-JP": "ロトドロップ",
            "nb-NO": "Rotofall",
            "pl-PL": "Obrotospad",
            "ru-RU": "Рото-дроп"
        },
        "description": {
            "en-GB": "A ring of seats is pulled to the top of a tall tower while gently rotating, then allowed to free-fall down, stopping gently at the bottom using magnetic brakes",
            "fr-FR": "Un anneau de sièges est hissé au sommet d'une grande tour tout en tournant doucement sur lui-même. S'ensuit une chute libre, stoppée en bas par un système de freins magnétiques",
            "de-DE": "Ein Ring mit Sitzen, der zur Spitze eines hohen Turms gezogen wird, während er sich leicht dreht, und dann im freien Fall heruntersaust, wobei er unten sanft von Magnetbremsen angehalten wird",
            "es-ES": "Un anillo de asientos arrastrados a lo alto de una torre mientras gira, y después cae libremente, parando suavemente en el fondo usando unos frenos magnéticos",
            "it-IT": "Un anello di sedili viene innalzato su un'alta torre mentre ruota lentamente su se stesso; viene poi fatto precipitare in caduta libera e quindi fermato poco prima di arrivare al suolo da freni magnetici",
            "nl-NL": "Een ring van stoelen wordt naar de bovenkant van een hoge toren getrokken terwijl hij rustig ronddraait, waarna hij losgelaten wordt in een vrije val, waarna hij beneden rustig wordt afgeremd door middel van magnetische remmen.",
            "sv-SE": "En ring med säten dras upp till toppen av ett högt torn medan det roterar sakta, därefter faller det fritt varefter det stoppas mjukt vid botten med hjälp av magnetbromsar",
            "ko-KR": "고리 모양의 좌석이 부드럽게 회전하면서 탑 꼭대기로 들어올려진 뒤에 자유낙하하고, 자기 제동에 의해 바닥에 부드럽게 정지하는 놀이기구",
            "zh-CN": "一个环状坐位被拉到高塔顶端再温和地旋转及自由缓慢地落下利用底部的磁性煞车温和地停止住",
            "zh-TW": "一個環狀坐位被拉到高塔頂端再溫和地旋轉及自由緩慢地落下利用底部的磁性煞車溫和地停止住",
            "pt-BR": "Um anel de assentos é erguido até o alto de uma torre alta enquanto gira lentamente, e então cai em queda livre, parando suavemente usando freios magnéticos",
            "cs-CZ": "Kruh sedadel je za pomalé rotace vytažen na vrchol vysoké věže, spuštěn volným pádem k zemi a opatrně zastaven pomocí magnetických brzd",
            "ja-JP": "円形の座席がゆっくりと回りながら高い塔の上まで上がり、落下して磁気ブレーキでリフトに止まります",
            "pl-PL": "Pierścień z zamocowanymi fotelami jest wciągany na szczyt wysokiej wieży, obracając się powoli. Następnie spada swobodnie, wyhamowując delikatnie u dołu z użyciem hamulców magnetycznych",
            "ru-RU": "Ряд кресел загоняют на верх высокой башни и вращают, затем они падают вниз, остановившись внизу на магнитных тормозах."
        },
        "capacity": {
            "en-GB": "16 passengers",
            "fr-FR": "16 passagers",
            "de-DE": "16 Fahrgäste",
            "es-ES": "16 pasajeros",
            "it-IT": "16 passeggeri",
            "nl-NL": "16 passagiers",
            "sv-SE": "16 passagerare",
            "ko-KR": "승객 16명",
            "zh-CN": "16位客人",
            "zh-TW": "16位客人",
            "pt-BR": "16 passageiros",
            "cs-CZ": "16 návštěvníků",
            "ja-JP": "定員16名",
            "pl-PL": "16 pasażerów",
            "ru-RU": "16 пассажиро"
        }
    }
}
