{
    "id": "rct2.mono2",
    "authors": ["Chris Sawyer", "Simon Foster"],
    "version": "1.0",
    "originalId": "0A188B80|MONO2   |4353CF22",
    "sourceGame": ["rct2", "rct1"],
    "objectType": "ride",
    "properties": {
        "type": "monorail",
        "category": "transport",
        "hasShelter": true,
        "noCollisionCrashes": true,
        "maxCarsPerTrain": 6,
        "ratingMultipler": {
            "excitement": 3
        },
        "carColours": [
            [
                ["bright_red", "white", "black"]
            ],
            [
                ["white", "light_brown", "black"]
            ],
            [
                ["light_purple", "bordeaux_red", "black"]
            ],
            [
                ["yellow", "grey", "black"]
            ]
        ],
        "cars": {
            "rotationFrameMask": 31,
            "spacing": 200468,
            "mass": 900,
            "tabOffset": 2,
            "numSeats": 4,
            "numSeatRows": 2,
            "frictionSoundId": 2,
            "poweredAcceleration": 170,
            "poweredMaxSpeed": 27,
            "drawOrder": 7,
            "frames": {
                "flat": true,
                "gentleSlopes": true,
                "diagonalSlopes": true,
                "restraintAnimation": true
            },
            "VEHICLE_ENTRY_FLAG_ENABLE_ADDITIONAL_COLOUR_1": true,
            "VEHICLE_ENTRY_FLAG_POWERED": true,
            "loadingPositions": [3, -3, 3, -3]
        }
    },
    "images": [
        "$RCT2:OBJDATA/MONO2.DAT[1]",
        "",
        "",
        "$RCT2:OBJDATA/MONO2.DAT[3..422]"
    ],
    "strings": {
        "name": {
            "en-GB": "Small Monorail Cars",
            "fr-FR": "Petites voitures monorail",
            "de-DE": "Kleine Einschienenwagen",
            "es-ES": "Coche Pequeño Monorrail",
            "it-IT": "Piccole carrozze monorotaie",
            "nl-NL": "Kleine monorailkarretjes",
            "sv-SE": "Små enspårsvagnar",
            "ko-KR": "소형 모노레일 차량",
            "zh-CN": "小型单轨列车",
            "zh-TW": "小型單軌電車",
            "pt-BR": "Carros de Monotrilho Pequenos",
            "cs-CZ": "Malé jednokolejné vozy",
            "ja-JP": "小さなモノレール車両",
            "pl-PL": "Wagoniki jednoszynowe",
            "ru-RU": "Моно-вагончики"
        },
        "description": {
            "en-GB": "Small monorail cars with open sides",
            "fr-FR": "Petites voitures monorail ouvertes sur les côtés",
            "de-DE": "Kleine Einschienenwagen mit offenen Seiten",
            "es-ES": "Pequeños vagones de monoraíl",
            "it-IT": "Piccole carrozze monorotaie aperte ai lati",
            "nl-NL": "Kleine monorailkarretjes met open zijkanten.",
            "sv-SE": "Små enspårsvagnar med öppna sidor",
            "ko-KR": "측면이 개방되어 있는 소형 모노레일 차량",
            "zh-CN": "二侧车门开放式的小型单轨列车",
            "zh-TW": "附有開放式側邊的小型單軌電車",
            "pt-BR": "Pequenos carros de monotrilho com lados abertos",
            "cs-CZ": "Malé jednokolejné vozy bez dveří",
            "ja-JP": "横の空いた小さなモノレールです",
            "pl-PL": "Wagoniki jednoszynowe z otwartymi bokami",
            "ru-RU": "Мал. монорельсовые вагончики"
        },
        "capacity": {
            "en-GB": "4 passengers per car",
            "fr-FR": "4 passagers par voiture",
            "de-DE": "4 Fahrgäste pro Wagen",
            "es-ES": "4 pasajeros por vagón",
            "it-IT": "4 passeggeri a carrozza",
            "nl-NL": "4 passagiers per karretje",
            "sv-SE": "4 passagerare per vagn",
            "ko-KR": "차량당 4명의 승객",
            "zh-CN": "4位乘客/每个车厢",
            "zh-TW": "每車卡4位乘客",
            "pt-BR": "4 passageiros por carro",
            "cs-CZ": "4 místa v každém voze",
            "ja-JP": "各車両4名",
            "pl-PL": "4 pasażerów na wagonik",
            "ru-RU": "4 пассажира"
        }
    }
}
