{
    "id": "rct2.tlt1",
    "authors": ["Chris Sawyer", "Simon Foster"],
    "version": "1.0",
    "originalId": "0A188B80|TLT1    |D53148B1",
    "sourceGame": ["rct2", "rct1"],
    "objectType": "ride",
    "properties": {
        "type": "toilets",
        "category": "stall",
        "carsPerFlatRide": 1,
        "carColours": [
            [
                ["black", "black", "black"]
            ]
        ]
    },
    "images": ["$RCT2:OBJDATA/TLT1.DAT[0..8]"],
    "strings": {
        "name": {
            "en-GB": "Toilets",
            "en-US": "Restroom",
            "fr-FR": "Toilettes",
            "de-DE": "Toiletten",
            "es-ES": "Servicios",
            "it-IT": "Servizi igienici",
            "nl-NL": "Toiletten",
            "sv-SE": "Toaletter",
            "ko-KR": "화장실",
            "zh-CN": "厕所",
            "zh-TW": "廁所",
            "pt-BR": "Banheiros",
            "cs-CZ": "Toalety",
            "ja-JP": "トイレ",
            "nb-NO": "Toaletter",
            "pl-PL": "Toalety",
            "ru-RU": "Туалет"
        },
        "description": {
            "en-GB": "Basic toilets housed in a prefabricated concrete building",
            "en-US": "Basic restroom facilities housed in a prefabricated concrete building",
            "fr-FR": "Toilettes classiques placées dans un bâtiment préfabriqué en béton",
            "de-DE": "Herkömmliche Toiletten in einem vorgefertigen Betongebäude",
            "es-ES": "Lavabos hechos de hormigón prefabricado",
            "it-IT": "Servizi igienici di base situati in costruzioni di cemento prefabbricate",
            "nl-NL": "Eenvoudige toiletten in een prefab betonnen gebouw.",
            "sv-SE": "Ordinära toaletter i en förtillverkad betongbyggnad",
            "ko-KR": "조립식 콘크리트 건물 안에 있는 기본형 화장실",
            "zh-CN": "一座基本厕所建筑物",
            "zh-TW": "一座基本廁所建築物",
            "pt-BR": "Banheiros básicos abrigados numa construção pré-fabricada de concreto",
            "cs-CZ": "Toalety v betonové zástavbě",
            "ja-JP": "コンクリートのプレハブでできた、ベーシックなトイレです",
            "pl-PL": "Podstawowe toalety w budynku z prefabrykowanego betonu",
            "ru-RU": "Уборная для посетителей парка"
        }
    }
}
