{
    "id": "rct2.batfl",
    "authors": ["Chris Sawyer", "Simon Foster"],
    "version": "1.0",
    "originalId": "0A188A80|BATFL   |95108819",
    "sourceGame": "rct2",
    "objectType": "ride",
    "properties": {
        "type": "mini_suspended_rc",
        "category": "rollercoaster",
        "carColours": [
            [
                ["black", "light_orange", "black"]
            ],
            [
                ["bright_red", "yellow", "black"]
            ],
            [
                ["dark_green", "bright_red", "black"]
            ]
        ],
        "cars": {
            "rotationFrameMask": 31,
            "spacing": 165604,
            "mass": 320,
            "tabOffset": -17,
            "numSeats": 2,
            "numSeatRows": 1,
            "frictionSoundId": 2,
            "soundRange": 0,
            "drawOrder": 2,
            "frames": {
                "flat": true,
                "gentleSlopes": true,
                "diagonalSlopes": true
            },
            "VEHICLE_ENTRY_FLAG_ENABLE_ADDITIONAL_COLOUR_1": true,
            "VEHICLE_ENTRY_FLAG_SWINGING": true,
            "VEHICLE_ENTRY_FLAG_RIDERS_SCREAM": true,
            "loadingPositions": [3, -3]
        }
    },
    "images": ["$RCT2:OBJDATA/BATFL.DAT[0..1282]"],
    "strings": {
        "name": {
            "en-GB": "Swinging Cars",
            "fr-FR": "Voitures balançoires",
            "de-DE": "Schwingwagen",
            "es-ES": "Coches Balancín",
            "it-IT": "Carrozze oscillanti",
            "nl-NL": "Schommelkarretjes",
            "sv-SE": "Gungande vagnar",
            "ko-KR": "스윙잉 차량",
            "zh-CN": "摇摆车",
            "zh-TW": "搖?車",
            "pt-BR": "Vagões de Balanço",
            "cs-CZ": "Houpající se vozy",
            "ja-JP": "スイング車両",
            "pl-PL": "Dyndające wagoniki",
            "ru-RU": "Свинг-вагоны."
        },
        "description": {
            "en-GB": "Small cars which swing from the rail above",
            "fr-FR": "Petites voitures se balançant sous un rail",
            "de-DE": "Kleine Wagen, die von der darüberliegenden Schiene schwingen",
            "es-ES": "Pequeños vagones que cuelgan del raíl superior",
            "it-IT": "Piccole carrozze che oscillano da sotto la rotaia",
            "nl-NL": "Kleine karretjes die aan de rail erboven schommelen.",
            "sv-SE": "Små vagnar som gungar under spåret",
            "ko-KR": "레일을 따라 흔들거리는 작은 차량",
            "zh-CN": "小型车辆在铁道上振动摇摆",
            "zh-TW": "小型車輛在鐵道上振動搖?",
            "pt-BR": "Pequenos vagões que balançam pendurados no trilho acima",
            "cs-CZ": "Malé houpající se vozy zavěšené na kolejnici",
            "ja-JP": "上部のレールからスイングする、小さい車両です",
            "pl-PL": "Wagoniki podwieszone na górnej szynie",
            "ru-RU": "Вагончики, качающиеся на рельсе."
        },
        "capacity": {
            "en-GB": "2 passengers per car",
            "fr-FR": "2 passagers par voiture",
            "de-DE": "2 Fahrgäste pro Wagen",
            "es-ES": "2 pasajeros por vagón",
            "it-IT": "2 passeggeri a carrozza",
            "nl-NL": "2 passagiers per karretje",
            "sv-SE": "2 passagerare per vagn",
            "ko-KR": "차량당 2명의 승객",
            "zh-CN": "2 位乘客/每个车厢",
            "zh-TW": "2 位乘客/每個車廂",
            "pt-BR": "2 passageiros por vagão",
            "cs-CZ": "2 místa v každém vozu",
            "ja-JP": "各車両2名",
            "pl-PL": "2 pasażerów na wagonik",
            "ru-RU": "2 пассажира"
        }
    }
}
