{
    "id": "rct2.kart1",
    "authors": ["Chris Sawyer", "Simon Foster"],
    "version": "1.0",
    "originalId": "0A188B80|KART1   |56DFF5D7",
    "sourceGame": ["rct2", "rct1"],
    "objectType": "ride",
    "properties": {
        "type": "go_karts",
        "category": "thrill",
        "carColours": [
            [
                ["light_blue", "black", "black"],
                ["bright_red", "black", "black"],
                ["yellow", "black", "black"],
                ["bright_green", "black", "black"],
                ["black", "black", "black"],
                ["light_purple", "black", "black"],
                ["light_orange", "black", "black"],
                ["aquamarine", "black", "black"],
                ["dark_brown", "black", "black"],
                ["white", "black", "black"],
                ["bright_pink", "black", "black"],
                ["dark_olive_green", "black", "black"],
                ["bordeaux_red", "black", "black"],
                ["dark_purple", "black", "black"],
                ["bright_purple", "black", "black"],
                ["light_pink", "black", "black"],
                ["dark_blue", "black", "black"],
                ["icy_blue", "black", "black"],
                ["teal", "black", "black"],
                ["saturated_green", "black", "black"],
                ["dark_green", "black", "black"],
                ["moss_green", "black", "black"],
                ["olive_green", "black", "black"],
                ["bright_yellow", "black", "black"],
                ["dark_yellow", "black", "black"],
                ["dark_orange", "black", "black"],
                ["saturated_brown", "black", "black"],
                ["salmon_pink", "black", "black"],
                ["saturated_red", "black", "black"],
                ["dark_pink", "black", "black"],
                ["light_blue", "black", "black"],
                ["bright_red", "black", "black"]
            ]
        ],
        "cars": {
            "rotationFrameMask": 31,
            "spacing": 152888,
            "mass": 250,
            "numSeats": 1,
            "numSeatRows": 1,
            "frictionSoundId": 21,
            "doubleSoundFrequency": 1,
            "poweredAcceleration": 35,
            "poweredMaxSpeed": 40,
            "drawOrder": 7,
            "frames": {
                "flat": true,
                "gentleSlopes": true
            },
            "VEHICLE_ENTRY_FLAG_POWERED": true,
            "VEHICLE_ENTRY_FLAG_BOAT_HIRE_COLLISION_DETECTION": true,
            "VEHICLE_ENTRY_FLAG_GO_KART": true,
            "loadingPositions": [-1]
        }
    },
    "images": ["$RCT2:OBJDATA/KART1.DAT[0..210]"],
    "strings": {
        "name": {
            "en-GB": "Go-Karts",
            "fr-FR": "Karting",
            "de-DE": "Go-Karts",
            "es-ES": "Karts",
            "it-IT": "Go-kart",
            "ko-KR": "고 카트",
            "zh-CN": "高卡赛车",
            "zh-TW": "高卡賽車",
            "pt-BR": "Karts",
            "cs-CZ": "Motokáry",
            "ja-JP": "ゴーカート",
            "nl-NL": "Go-karts",
            "pl-PL": "Gokarty",
            "ru-RU": "Картинг"
        },
        "description": {
            "en-GB": "Self-drive petrol-engined go-karts",
            "en-US": "Self-driven gas-engined go-karts",
            "fr-FR": "Karts individuels constitués de moteurs à essence",
            "de-DE": "Selbstbetriebene Benzin-Go-Karts",
            "es-ES": "Karts a gasolina autopropulsados",
            "it-IT": "Go-kart a benzina guidati dal passeggero",
            "nl-NL": "Go-karts met benzinemotor die de passagiers zelf besturen.",
            "sv-SE": "Kör själv- gokarts som är bensindrivna",
            "ko-KR": "스스로 운전하는 페트롤 엔진의 고 카트",
            "zh-CN": "自己驾驶汽油引擎式的高卡赛车",
            "zh-TW": "自己駕駛汽油引擎式的高卡賽車",
            "pt-BR": "Karts pilotáveis movidos a gasolina",
            "cs-CZ": "Benzínové ovladatelné motokáry",
            "ja-JP": "自分で操縦する、ガソリンエンジンのゴーカートです",
            "pl-PL": "Samochodziki z napędem benzynowym",
            "ru-RU": "Карты с бенз. движками"
        },
        "capacity": {
            "en-GB": "single-seater",
            "fr-FR": "1 passager par kart",
            "de-DE": "Einsitzer",
            "es-ES": "1 sólo pasajero",
            "it-IT": "sedile singolo",
            "nl-NL": "1 persoon per kart",
            "sv-SE": "enkelsäte",
            "ko-KR": "1인승",
            "zh-CN": "单一乘客",
            "zh-TW": "單一乘客",
            "pt-BR": "1 assento",
            "cs-CZ": "1 místo v každém voze",
            "ja-JP": "各車両1名",
            "pl-PL": "1 miejsce",
            "ru-RU": "одиночные"
        }
    }
}
