{
    "id": "rct2.drnks",
    "authors": ["Chris Sawyer", "Simon Foster"],
    "version": "1.0",
    "originalId": "0A188A80|DRNKS   |CF2608E1",
    "sourceGame": ["rct2", "rct1"],
    "objectType": "ride",
    "properties": {
        "type": "drink_stall",
        "category": "stall",
        "sells": "drink",
        "disablePainting": true,
        "carsPerFlatRide": 1,
        "carColours": [
            [
                ["black", "black", "black"]
            ]
        ]
    },
    "images": ["$RCT2:OBJDATA/DRNKS.DAT[0..6]"],
    "strings": {
        "name": {
            "en-GB": "Drinks Stall",
            "fr-FR": "Buvette",
            "de-DE": "Getränkestand",
            "es-ES": "Puesto de bebidas",
            "it-IT": "Chiosco delle bibite",
            "nl-NL": "Frisdrankkraam",
            "sv-SE": "Dryckesstånd",
            "ko-KR": "음료수 가게",
            "zh-CN": "饮料店",
            "zh-TW": "飲料店",
            "pt-BR": "Barraca de Bebidas",
            "cs-CZ": "Stánek s pitím",
            "ja-JP": "飲み物ショップ",
            "pl-PL": "Kiosk z napojami",
            "ru-RU": "Напитки"
        },
        "description": {
            "en-GB": "A can-shaped stall selling fizzy drinks",
            "fr-FR": "Boutique en forme de canette vendant des boissons gazeuses",
            "de-DE": "Ein dosenförmiger Stand, an dem kohlensäurehaltige Getränke verkauft werden",
            "es-ES": "Un puesto con forma de lata que vende bebidas refrescantes",
            "it-IT": "Un chiosco a forma di lattina che vende bevande effervescenti",
            "nl-NL": "Een kraam in de vorm van vier blikjes waar frisdrank wordt verkocht.",
            "sv-SE": "Ett burkformat stånd där man säljer läsk",
            "ko-KR": "탄산음료를 파는 캔 모양의 상점",
            "zh-CN": "一家饮料罐外形的店在卖气泡式饮料",
            "zh-TW": "一家飲料罐外形的店在賣氣泡式飲料",
            "pt-BR": "Uma barraca em forma de latinha vendendo bebidas com gás",
            "cs-CZ": "Stánek ve tvaru plechovky prodávající perlivé nápoje",
            "ja-JP": "炭酸飲料を売る、缶の形の売店です",
            "pl-PL": "Stoisko w kształcie puszki sprzedające napoje gazowane",
            "ru-RU": "Палатка с напитками"
        }
    }
}
