{
    "id": "rct2.sqdst",
    "authors": ["Chris Sawyer", "Simon Foster"],
    "version": "1.0",
    "originalId": "0A188B80|SQDST   |D85DF877",
    "sourceGame": ["rct2", "rct1aa"],
    "objectType": "ride",
    "properties": {
        "type": "food_stall",
        "category": "stall",
        "sells": "tentacle",
        "disablePainting": true,
        "carsPerFlatRide": 1,
        "carColours": [
            [
                ["black", "black", "black"]
            ]
        ]
    },
    "images": ["$RCT2:OBJDATA/SQDST.DAT[0..6]"],
    "strings": {
        "name": {
            "en-GB": "Sea Food Stall",
            "fr-FR": "Fruits de mer",
            "de-DE": "Meeresfrüchtestand",
            "es-ES": "Puesto de mariscos",
            "it-IT": "Chiosco dei frutti di mare",
            "nl-NL": "Zeevruchtenkraam",
            "sv-SE": "Havsdelikatessbod",
            "ko-KR": "해산물 가게",
            "zh-CN": "海鲜店",
            "zh-TW": "海鮮店",
            "pt-BR": "Barraca de Frutos do Mar",
            "cs-CZ": "Stánek s plody moře",
            "ja-JP": "シーフード・ショップ",
            "pl-PL": "Kiosk z owocami morza",
            "ru-RU": "Морская еда"
        },
        "description": {
            "en-GB": "A stall selling fried tentacles",
            "fr-FR": "Boutique vendant du poulpe grillé",
            "de-DE": "Ein Stand, an dem Meeresfrüchte verkauft werden",
            "es-ES": "Un puesto que vende calamares fritos",
            "it-IT": "Un chiosco che vende tentacoli fritti",
            "nl-NL": "Een kraam waar gebakken tentakel wordt verkocht.",
            "sv-SE": "Ett stånd som säljer friterade tentakler",
            "ko-KR": "구운 문어 다리를 파는 가게",
            "zh-CN": "一家卖炸触角的店",
            "zh-TW": "一家賣炸觸角的店",
            "pt-BR": "Uma barraca vendendo lula frita",
            "cs-CZ": "Stánek prodávající smažená chapadla",
            "ja-JP": "揚げた触手を売る売店です",
            "pl-PL": "Stoisko sprzedające smażone macki",
            "ru-RU": "Палатка с морской пищей"
        }
    }
}
