{
    "id": "rct2.twist1",
    "authors": ["Chris Sawyer", "Simon Foster"],
    "version": "1.0",
    "originalId": "0A188B80|TWIST1  |A8EA6B47",
    "sourceGame": ["rct2", "rct1"],
    "objectType": "ride",
    "properties": {
        "type": "twist",
        "category": "thrill",
        "tabScale": 0.5,
        "rotationMode": 1,
        "carsPerFlatRide": 1,
        "carColours": [
            [
                ["moss_green", "yellow", "black"]
            ],
            [
                ["bright_red", "white", "black"]
            ]
        ],
        "cars": {
            "spacing": 139456,
            "mass": 200,
            "tabOffset": -12,
            "numSeats": 18,
            "spriteWidth": 65,
            "spriteHeightNegative": 58,
            "spriteHeightPositive": 36,
            "carVisual": 1,
            "drawOrder": 6,
            "frames": {
                "flat": true
            },
            "VEHICLE_ENTRY_FLAG_10": true,
            "VEHICLE_ENTRY_FLAG_ENABLE_ADDITIONAL_COLOUR_1": true,
            "numSegments": 4,
            "loadingWaypoints": [
                [
                    [43, 43],
                    [43, 43],
                    [33, 33]
                ],
                [
                    [43, -43],
                    [43, 43],
                    [33, 33]
                ],
                [
                    [-43, 43],
                    [43, 43],
                    [33, 33]
                ],
                [
                    [43, 43],
                    [43, 43],
                    [33, 33]
                ],
                [
                    [43, 43],
                    [43, 43],
                    [33, 33]
                ],
                [
                    [43, -43],
                    [43, 43],
                    [33, 33]
                ],
                [
                    [-43, 43],
                    [43, 43],
                    [33, 33]
                ],
                [
                    [43, 43],
                    [43, 43],
                    [33, 33]
                ],
                [
                    [43, -43],
                    [3, -42],
                    [0, -42]
                ],
                [
                    [3, -42],
                    [3, -42],
                    [0, -42]
                ],
                [
                    [-43, -43],
                    [3, -42],
                    [0, -42]
                ],
                [
                    [43, 43],
                    [43, -43],
                    [0, -42]
                ],
                [
                    [43, -43],
                    [3, -42],
                    [0, -42]
                ],
                [
                    [3, -42],
                    [3, -42],
                    [0, -42]
                ],
                [
                    [-43, -43],
                    [3, -42],
                    [0, -42]
                ],
                [
                    [43, 43],
                    [43, -43],
                    [0, -42]
                ],
                [
                    [43, -43],
                    [-43, -43],
                    [-42, 0]
                ],
                [
                    [-43, -43],
                    [-42, -3],
                    [-42, 0]
                ],
                [
                    [-42, -3],
                    [-42, -3],
                    [-42, 0]
                ],
                [
                    [-43, 43],
                    [-42, -3],
                    [-42, 0]
                ],
                [
                    [43, -43],
                    [-43, -43],
                    [-42, 0]
                ],
                [
                    [-43, -43],
                    [-42, -3],
                    [-42, 0]
                ],
                [
                    [-42, -3],
                    [-42, -3],
                    [-42, 0]
                ],
                [
                    [-43, 43],
                    [-42, -3],
                    [-42, 0]
                ],
                [
                    [43, 43],
                    [43, 43],
                    [33, 33]
                ],
                [
                    [43, -43],
                    [43, 43],
                    [33, 33]
                ],
                [
                    [-43, 43],
                    [43, 43],
                    [33, 33]
                ],
                [
                    [43, 43],
                    [43, 43],
                    [33, 33]
                ],
                [
                    [43, 43],
                    [43, 43],
                    [33, 33]
                ],
                [
                    [43, -43],
                    [43, 43],
                    [33, 33]
                ],
                [
                    [-43, 43],
                    [43, 43],
                    [33, 33]
                ],
                [
                    [43, 43],
                    [43, 43],
                    [33, 33]
                ],
                [
                    [43, -43],
                    [3, -42],
                    [0, -42]
                ],
                [
                    [3, -42],
                    [3, -42],
                    [0, -42]
                ],
                [
                    [-43, -43],
                    [3, -42],
                    [0, -42]
                ],
                [
                    [43, 43],
                    [43, -43],
                    [0, -42]
                ],
                [
                    [43, -43],
                    [3, -42],
                    [0, -42]
                ],
                [
                    [3, -42],
                    [3, -42],
                    [0, -42]
                ],
                [
                    [-43, -43],
                    [3, -42],
                    [0, -42]
                ],
                [
                    [43, 43],
                    [43, -43],
                    [0, -42]
                ],
                [
                    [43, -43],
                    [-43, -43],
                    [-42, 0]
                ],
                [
                    [-43, -43],
                    [-42, -3],
                    [-42, 0]
                ],
                [
                    [-42, -3],
                    [-42, -3],
                    [-42, 0]
                ],
                [
                    [-43, 43],
                    [-42, -3],
                    [-42, 0]
                ],
                [
                    [43, -43],
                    [-43, -43],
                    [-42, 0]
                ],
                [
                    [-43, -43],
                    [-42, -3],
                    [-42, 0]
                ],
                [
                    [-42, -3],
                    [-42, -3],
                    [-42, 0]
                ],
                [
                    [-43, 43],
                    [-42, -3],
                    [-42, 0]
                ],
                [
                    [43, 43],
                    [43, 43],
                    [33, 33]
                ],
                [
                    [43, -43],
                    [43, 43],
                    [33, 33]
                ],
                [
                    [-43, 43],
                    [43, 43],
                    [33, 33]
                ],
                [
                    [43, 43],
                    [43, 43],
                    [33, 33]
                ],
                [
                    [43, 43],
                    [43, 43],
                    [33, 33]
                ],
                [
                    [43, -43],
                    [43, 43],
                    [33, 33]
                ],
                [
                    [-43, 43],
                    [43, 43],
                    [33, 33]
                ],
                [
                    [43, 43],
                    [43, 43],
                    [33, 33]
                ],
                [
                    [43, -43],
                    [3, -42],
                    [0, -42]
                ],
                [
                    [3, -42],
                    [3, -42],
                    [0, -42]
                ],
                [
                    [-43, -43],
                    [3, -42],
                    [0, -42]
                ],
                [
                    [43, 43],
                    [43, -43],
                    [0, -42]
                ],
                [
                    [43, -43],
                    [3, -42],
                    [0, -42]
                ],
                [
                    [3, -42],
                    [3, -42],
                    [0, -42]
                ],
                [
                    [-43, -43],
                    [3, -42],
                    [0, -42]
                ],
                [
                    [43, 43],
                    [43, -43],
                    [0, -42]
                ],
                [
                    [43, -43],
                    [-43, -43],
                    [-42, 0]
                ],
                [
                    [-43, -43],
                    [-42, -3],
                    [-42, 0]
                ],
                [
                    [-42, -3],
                    [-42, -3],
                    [-42, 0]
                ],
                [
                    [-43, 43],
                    [-42, -3],
                    [-42, 0]
                ],
                [
                    [43, -43],
                    [-43, -43],
                    [-42, 0]
                ],
                [
                    [-43, -43],
                    [-42, -3],
                    [-42, 0]
                ],
                [
                    [-42, -3],
                    [-42, -3],
                    [-42, 0]
                ],
                [
                    [-43, 43],
                    [-42, -3],
                    [-42, 0]
                ]
            ]
        }
    },
    "images": ["$RCT2:OBJDATA/TWIST1.DAT[0..242]"],
    "strings": {
        "name": {
            "en-GB": "Twist",
            "fr-FR": "Vrille",
            "it-IT": "Contorsione",
            "nl-NL": "Twist",
            "ko-KR": "트위스트",
            "zh-CN": "龙卷风",
            "zh-TW": "龍捲風",
            "pt-BR": "Torção",
            "cs-CZ": "Twist",
            "ja-JP": "ツイスト",
            "nb-NO": "Twister",
            "pl-PL": "Twist",
            "ru-RU": "Твист"
        },
        "description": {
            "en-GB": "Riders ride in pairs of seats rotating around the ends of three long rotating arms",
            "fr-FR": "Les passagers sont assis par deux et tournent autour de l'extrémité de trois longs bras rotatifs",
            "de-DE": "Die Fahrgäste befinden sich in Sitzpaaren am Ende von drei langen, rotierenden Armen",
            "es-ES": "Los pasajeros se sientan en parejas rotando alrededor de tres largos brazos",
            "it-IT": "I passeggeri si siedono in coppia su sedili che ruotano intorno a tre lunghi bracci rotanti",
            "nl-NL": "Passagiers zitten per twee in stoelen die ronddraaien aan de uiteinden van drie lange draaiarmen.",
            "sv-SE": "Passagerarna åker i parsäten som roterar runt ändarna på tre långa roterande armar",
            "ko-KR": "탑승객이 세 개의 긴 회전 팔 구조 끝에 있는 좌석에 짝지어 앉아 빙글빙글 도는 놀이기구",
            "zh-CN": "乘客坐在成对的座位上,由底部三支旋转臂旋转环绕运行",
            "zh-TW": "乘客坐在成對的座位上,由底部三支旋轉臂旋轉環繞運行",
            "pt-BR": "Os passageiros se acomodam em pares de assentos que giram ao redor das pontas de três longos braços giratórios",
            "cs-CZ": "Návštěvníci sedí po dvou v jedné ze tří kabin, které kolem sebe rotují",
            "ja-JP": "3本の回転する長いアームの先に、それぞれペアシートが付いた乗物です",
            "pl-PL": "Pasażerowie jadą w parach siedzeń wirujących na końcach trzech obracających się ramion",
            "ru-RU": "Люди катаются попарно, сидя в креслах."
        },
        "capacity": {
            "en-GB": "18 passengers",
            "fr-FR": "18 passagers",
            "de-DE": "18 Fahrgäste",
            "es-ES": "18 pasajeros",
            "it-IT": "18 passeggeri",
            "nl-NL": "18 passagiers",
            "sv-SE": "18 passagerare",
            "ko-KR": "승객 18명",
            "zh-CN": "18 位乘客",
            "zh-TW": "18 位乘客",
            "pt-BR": "18 passageiros",
            "cs-CZ": "18 návštěvníků",
            "ja-JP": "定員18名",
            "pl-PL": "18 pasażerów",
            "ru-RU": "18 пассажиров"
        }
    }
}
