{
    "id": "rct2.bnoodles",
    "authors": ["Chris Sawyer", "Simon Foster"],
    "version": "1.0",
    "originalId": "0A188A80|BNOODLES|D51D649F",
    "sourceGame": "rct2",
    "objectType": "ride",
    "properties": {
        "type": "food_stall",
        "category": "stall",
        "sells": "beef_noodles",
        "disablePainting": true,
        "carsPerFlatRide": 1,
        "carColours": [
            [
                ["black", "black", "black"]
            ]
        ]
    },
    "images": ["$RCT2:OBJDATA/BNOODLES.DAT[0..6]"],
    "strings": {
        "name": {
            "en-GB": "Beef Noodles Stall",
            "fr-FR": "Pâtes au boeuf",
            "de-DE": "Fleischnudelstand",
            "es-ES": "Puesto de tallarines",
            "it-IT": "Chiosco degli spaghetti al ragù",
            "nl-NL": "Rundernoedelkraam",
            "sv-SE": "Biffnudelstånd",
            "ko-KR": "고기 국수 가게",
            "zh-CN": "牛肉面 店",
            "zh-TW": "牛肉麵 店",
            "pt-BR": "Barraca de Macarrão com Carne",
            "cs-CZ": "Stánek s hovězími nudlemi",
            "ja-JP": "牛肉ヌードルショップ",
            "pl-PL": "Kiosk z wołowymi kluseczkami",
            "ru-RU": "Палатка с лапшой"
        },
        "description": {
            "en-GB": "A stall selling Chinese style beef noodles",
            "fr-FR": "Boutique vendant des pâtes au boeuf",
            "de-DE": "Ein Stand, an dem chinesische Fleischnudeln verkauft werden",
            "es-ES": "Puesto que vende pasta rellena de ternera",
            "it-IT": "Un chiosco che vende spaghetti al ragù alla cinese",
            "nl-NL": "Een kraam waar Chinese rundernoedels worden verkocht.",
            "sv-SE": "Ett stånd som säljer kinesiska biffnudlar",
            "ko-KR": "중국식 고기 국수를 파는 가게",
            "zh-CN": "一家卖中式牛肉面的店",
            "zh-TW": "一家賣中式牛肉麵的店",
            "pt-BR": "Uma barraca vendendo macarrão chinês com carne",
            "cs-CZ": "Stánek prodávající čínské hovězí nudle",
            "ja-JP": "中華風牛肉ヌードルを売るお店です",
            "pl-PL": "Stoisko sprzedające wołowe kluseczki w chińskim stylu",
            "ru-RU": "Палатка, где продают лапшу."
        }
    }
}
