{
    "id": "rct2.vreel",
    "authors": ["Chris Sawyer", "Simon Foster"],
    "version": "1.0",
    "originalId": "0A188C80|VREEL   |5E89C4A1",
    "sourceGame": ["rct2", "rct1aa"],
    "objectType": "ride",
    "properties": {
        "type": "virginia_reel",
        "category": "rollercoaster",
        "carColours": [
            [
                ["bright_red", "yellow", "black"]
            ],
            [
                ["light_blue", "yellow", "black"]
            ],
            [
                ["dark_green", "light_brown", "black"]
            ]
        ],
        "cars": {
            "rotationFrameMask": 7,
            "spacing": 209184,
            "mass": 600,
            "numSeats": 4,
            "seatsInPairs": false,
            "numSeatRows": 4,
            "spinningInertia": 7,
            "spinningFriction": 6,
            "frictionSoundId": 1,
            "soundRange": 1,
            "carVisual": 15,
            "drawOrder": 6,
            "frames": {
                "flat": true
            },
            "VEHICLE_ENTRY_FLAG_ENABLE_ADDITIONAL_COLOUR_1": true,
            "VEHICLE_ENTRY_FLAG_SPINNING": true,
            "VEHICLE_ENTRY_FLAG_RIDERS_SCREAM": true,
            "loadingPositions": [4, -4, 4, -4]
        }
    },
    "images": ["$RCT2:OBJDATA/VREEL.DAT[0..362]"],
    "strings": {
        "name": {
            "en-GB": "Virginia Reel Tubs",
            "de-DE": "Virginia-Reel-Wagen",
            "es-ES": "Danza de Virginia",
            "it-IT": "Bobine della Virginia",
            "nl-NL": "Virginia Reel-wagentjes",
            "sv-SE": "Virginiavirveln",
            "ko-KR": "버지니아 릴 차량",
            "zh-CN": "维吉尼亚式旋转",
            "zh-TW": "維吉尼亞式旋轉",
            "cs-CZ": "Virginský moták",
            "ja-JP": "バージニア・リール",
            "pl-PL": "W koło Macieju",
            "pt-BR": "Toneis Virginia Reel",
            "ru-RU": "Вирджиния"
        },
        "description": {
            "en-GB": "Circular cars that spin around as they travel along the track",
            "fr-FR": "Voitures de forme circulaire tournant sur elles-même tout en parcourant une voie en bois faite de zigzags",
            "de-DE": "Runde Wagen, die sich bei der Fahrt drehen",
            "es-ES": "Vagones circulares que rebotan mientras corren sobre la pista de madera en zigzag",
            "it-IT": "Carrozze circolari ruotano per il tracciato di legno a zig-zag",
            "nl-NL": "Ronde karretjes gaan over een zigzaggende houten baan en draaien daarbij rond.",
            "sv-SE": "Runda vagnar snurrar runt medan de åker längs ett zick-zack-spår av trä",
            "ko-KR": "나무 트랙을 이리 저리 따라 이동함에 따라 빙글빙글 돌아가는 원형 차량",
            "zh-CN": "圆形车辆延着急弯的木架轨道自旋",
            "zh-TW": "圓形車輛延著急彎的木架軌道自旋",
            "pt-BR": "Carros circulares giram enquanto viajam pela pista",
            "cs-CZ": "Kulaté vozy se točí během jízdy po cik-cak dřevěné trati",
            "ja-JP": "円形の車両が木製のコース上を回転しながらジグザグに進んで行く乗物です",
            "pl-PL": "Okrągłe wagoniki wirują, jadąc po zygzakowatym drewnianym torze",
            "ru-RU": "Круглые вагончики едут по трассе и одновременно крутятся."
        },
        "capacity": {
            "en-GB": "4 passengers per car",
            "fr-FR": "4 passagers par voiture",
            "de-DE": "4 Fahrgäste pro Wagen",
            "es-ES": "4 pasajeros por vagón",
            "it-IT": "4 passeggeri a carrozza",
            "nl-NL": "4 passagiers per karretje",
            "sv-SE": "4 passagerare per vagn",
            "ko-KR": "차량당 4명의 승객",
            "zh-CN": "4 位乘客/每个车厢",
            "zh-TW": "4 位乘客/每個車廂",
            "pt-BR": "4 passageiros por carro",
            "cs-CZ": "4 místa v každém voze",
            "ja-JP": "各車両4名",
            "pl-PL": "4 pasażerów na wagonik",
            "ru-RU": "4 пассажира"
        }
    }
}
