{
    "id": "rct2.hhbuild",
    "authors": ["Chris Sawyer", "Simon Foster"],
    "version": "1.0",
    "originalId": "0A188A80|HHBUILD |36C99378",
    "sourceGame": ["rct2", "rct1"],
    "objectType": "ride",
    "properties": {
        "type": "haunted_house",
        "category": "gentle",
        "tabScale": 0.5,
        "hasShelter": true,
        "carsPerFlatRide": 1,
        "carColours": [
            [
                ["moss_green", "yellow", "black"]
            ]
        ],
        "cars": {
            "spacing": 139456,
            "mass": 3000,
            "numSeats": 15,
            "seatsInPairs": false,
            "spriteWidth": 55,
            "spriteHeightNegative": 150,
            "spriteHeightPositive": 28,
            "carVisual": 1,
            "drawOrder": 6,
            "frames": {
                "flat": true
            },
            "VEHICLE_ENTRY_FLAG_10": true,
            "numSegments": 0,
            "loadingWaypoints": [
                [
                    [40, 40],
                    [-40, 40],
                    [-36, 0]
                ],
                [
                    [-40, -40],
                    [-36, 0],
                    [-36, 0]
                ],
                [
                    [-36, 0],
                    [-36, 0],
                    [-36, 0]
                ],
                [
                    [-40, 40],
                    [-36, 0],
                    [-36, 0]
                ],
                [
                    [40, 40],
                    [0, 36],
                    [0, 36]
                ],
                [
                    [40, -40],
                    [40, 40],
                    [0, 36]
                ],
                [
                    [-40, 40],
                    [0, 36],
                    [0, 36]
                ],
                [
                    [0, 36],
                    [0, 36],
                    [0, 36]
                ],
                [
                    [36, 0],
                    [36, 0],
                    [36, 0]
                ],
                [
                    [40, -40],
                    [36, 0],
                    [36, 0]
                ],
                [
                    [-40, -40],
                    [40, -40],
                    [36, 0]
                ],
                [
                    [40, 40],
                    [36, 0],
                    [36, 0]
                ],
                [
                    [40, -40],
                    [0, -36],
                    [0, -36]
                ],
                [
                    [0, -36],
                    [0, -36],
                    [0, -36]
                ],
                [
                    [-40, -40],
                    [0, -36],
                    [0, -36]
                ],
                [
                    [-40, 40],
                    [-40, -40],
                    [0, -36]
                ]
            ]
        }
    },
    "images": ["$RCT2:OBJDATA/HHBUILD.DAT[0..78]"],
    "strings": {
        "name": {
            "en-GB": "Haunted House",
            "fr-FR": "Maison hantée",
            "de-DE": "Spukhaus",
            "es-ES": "Casa Encantada",
            "it-IT": "Casa infestata",
            "nl-NL": "Spookhuis",
            "sv-SE": "Spökhus",
            "ko-KR": "귀신의 집",
            "zh-CN": "鬼屋",
            "zh-TW": "鬼屋",
            "pt-BR": "Casa Mal-assombrada",
            "cs-CZ": "Dům hrůzy",
            "ja-JP": "お化け屋敷",
            "nb-NO": "Spøkelseshus",
            "pl-PL": "Nawiedzony dom",
            "ru-RU": "Дом ужасов"
        },
        "description": {
            "en-GB": "Large themed building containing scary corridors and spooky rooms",
            "fr-FR": "Grand bâtiment thématique rempli de couloirs effrayants et de salles terrifiantes",
            "de-DE": "Großes Themengebäude mit gruseligen Gängen und spukigen Räumen",
            "es-ES": "Gran edificio con pasillos tenebrosos y salas espectrales",
            "it-IT": "Un grande edificio a tema pieno di corridoi e stanze terrorizzanti",
            "nl-NL": "Groot gethematiseerd gebouw met enge gangen en spookachtige kamers.",
            "sv-SE": "Stor temabyggnad som innehåller skrämmande korridorer och spöklika rum",
            "ko-KR": "무서운 복도와 으스스한 방이 있는 대형 테마 건물",
            "zh-CN": "大型的主题建筑物包含可怕的长廊以及幽灵房间",
            "zh-TW": "大型的主題建築物包含可怕的長廊以及幽靈房間",
            "pt-BR": "Grande construção temática contendo corredores e salas assustadores",
            "cs-CZ": "Velká stará budova se strašidelnými chodbami a děsivými pokoji",
            "ja-JP": "不気味な廊下と薄気味悪い部屋を持つ、多層式の大きなお化け屋敷です",
            "pl-PL": "Wielki budynek mieszczący straszliwe korytarze i budzące dreszcz grozy pokoje",
            "ru-RU": "Большое здание со страшными коридорами и комнатами."
        },
        "capacity": {
            "en-GB": "15 guests",
            "fr-FR": "15 personnes",
            "de-DE": "15 Besucher",
            "es-ES": "15 visitantes",
            "it-IT": "15 visitatori",
            "nl-NL": "15 bezoekers",
            "sv-SE": "15 besökare",
            "ko-KR": "손님 15명",
            "zh-CN": "15位游客",
            "zh-TW": "15位遊客",
            "pt-BR": "15 visitantes",
            "cs-CZ": "15 návštěvníků",
            "ja-JP": "定員15名",
            "pl-PL": "15 widzów",
            "ru-RU": "15 чел."
        }
    }
}
