{
    "id": "rct2.gtc",
    "authors": ["Chris Sawyer", "Simon Foster"],
    "version": "1.0",
    "originalId": "0A188A80|GTC     |9F6FE3B5",
    "sourceGame": ["rct2", "rct1aa"],
    "objectType": "ride",
    "properties": {
        "type": "ghost_train",
        "category": "gentle",
        "noCollisionCrashes": true,
        "minCarsPerTrain": 3,
        "maxCarsPerTrain": 3,
        "numEmptyCars": 2,
        "tabCar": 1,
        "headCars": 1,
        "tailCars": 1,
        "carColours": [
            [
                ["yellow", "bright_pink", "dark_green"]
            ],
            [
                ["bright_red", "light_purple", "black"]
            ],
            [
                ["aquamarine", "light_blue", "bordeaux_red"]
            ]
        ],
        "cars": [
            {
                "rotationFrameMask": 31,
                "spacing": 148172,
                "mass": 300,
                "numSeats": 2,
                "numSeatRows": 1,
                "soundRange": 0,
                "poweredAcceleration": 80,
                "poweredMaxSpeed": 9,
                "drawOrder": 7,
                "frames": {
                    "flat": true,
                    "gentleSlopes": true
                },
                "VEHICLE_ENTRY_FLAG_POWERED_RIDE_UNRESTRICTED_GRAVITY": true,
                "VEHICLE_ENTRY_FLAG_NO_UPSTOP_WHEELS": true,
                "VEHICLE_ENTRY_FLAG_NO_UPSTOP_BOBSLEIGH": true,
                "VEHICLE_ENTRY_FLAG_ENABLE_ADDITIONAL_COLOUR_2": true,
                "VEHICLE_ENTRY_FLAG_ENABLE_ADDITIONAL_COLOUR_1": true,
                "VEHICLE_ENTRY_FLAG_POWERED": true,
                "VEHICLE_ENTRY_FLAG_RIDERS_SCREAM": true,
                "loadingPositions": [3, -3]
            },
            {
                "rotationFrameMask": 31,
                "spacing": 34864,
                "poweredAcceleration": 80,
                "poweredMaxSpeed": 9,
                "carVisual": 1,
                "drawOrder": 8,
                "frames": {
                    "flat": true
                },
                "VEHICLE_ENTRY_FLAG_POWERED_RIDE_UNRESTRICTED_GRAVITY": true,
                "VEHICLE_ENTRY_FLAG_NO_UPSTOP_WHEELS": true,
                "VEHICLE_ENTRY_FLAG_NO_UPSTOP_BOBSLEIGH": true,
                "VEHICLE_ENTRY_FLAG_ALLOW_DOORS_DEPRECATED": true,
                "VEHICLE_ENTRY_FLAG_ENABLE_ADDITIONAL_COLOUR_2": true,
                "VEHICLE_ENTRY_FLAG_POWERED": true
            }
        ]
    },
    "images": ["$RCT2:OBJDATA/GTC.DAT[0..242]"],
    "strings": {
        "name": {
            "en-GB": "Ghost Train Cars",
            "fr-FR": "Train fantôme",
            "de-DE": "Geisterbahnwagen",
            "es-ES": "Tren Fantasma",
            "it-IT": "Treno fantasma",
            "nl-NL": "Spooktreinkarretjes",
            "sv-SE": "Spöktåg",
            "ko-KR": "고스트 트레인 차량",
            "zh-CN": "幽灵列车",
            "zh-TW": "幽靈列車",
            "pt-BR": "Carros Trem Fantasma",
            "cs-CZ": "Vlak duchů",
            "ja-JP": "ゴースト・トレイン",
            "pl-PL": "Pociąg widmo",
            "ru-RU": "Призрак"
        },
        "description": {
            "en-GB": "Powered monster-shaped cars that run on a ghost train track",
            "fr-FR": "Des voitures en forme de monstres sont propulsées à travers plusieurs niveaux de décors et d'effets spéciaux effrayants",
            "de-DE": "Angetriebene Wagen in Monsterform, die auf einer Geisterbahnstrecke fahren",
            "es-ES": "Vagones con forma de monstruo en una vía múltiple pasando por un escenario tenebroso y lleno de efectos especiales",
            "it-IT": "Carrozze a motore dalle forme mostruose corrono lungo un tracciato multi-livello attraverso uno scenario spaventoso ricco di effetti speciali",
            "nl-NL": "Aangedreven monstervormige karretjes rijden over een baan, die over meerdere hoogteniveau loopt, langs spookachtig decor en special effects.",
            "sv-SE": "Motordrivna monsterformade vagnar som åker längs ett flernivåspår förbi spöklika scener och specialeffekter",
            "ko-KR": "으스스한 풍경과 특별한 효과 주변을 지나며 여러 높낮이를 오르내리는 괴물 모양의 차량",
            "zh-CN": "有机动装置的怪物造型列车游历着多层次的轨道经过有幽灵式的景物及特殊特效",
            "zh-TW": "有機動裝置的怪物造型列車遊歷著多層次的軌道經過有幽靈式的景物及特殊特效",
            "pt-BR": "Carros motorizados em forma de monstros viajam numa pista fantasma",
            "cs-CZ": "Vozy ve tvaru příšer jezdí po vícepatrovém okruhu okolo strašidelných kulis a speciálních efektů",
            "ja-JP": "さまざまな特殊効果と薄気味悪い仕掛けを施した立体的コースを通る、モンスターの形をした動力付きの乗物です",
            "pl-PL": "Napędzane wagoniki o potwornych kształtach jadą po wielopoziomowym torze wśród przerażających dekoracji i efektów specjalnych",
            "ru-RU": "Машинки в виде монстров едут по страшным лабиринтам"
        },
        "capacity": {
            "en-GB": "2 passengers per car",
            "fr-FR": "2 passagers par voiture",
            "de-DE": "2 Fahrgäste pro Wagen",
            "es-ES": "2 pasajeros por vagón",
            "it-IT": "2 passeggeri a carrozza",
            "nl-NL": "2 passagiers per karretje",
            "sv-SE": "2 passagerare per vagn",
            "ko-KR": "차량당 2명의 승객",
            "zh-CN": "2位乘客/每个车厢",
            "zh-TW": "2位乘客/每個車廂",
            "pt-BR": "2 passageiros por carro",
            "cs-CZ": "2 místa v každém vozu",
            "ja-JP": "各車両2名",
            "pl-PL": "2 pasażerów na wagonik",
            "ru-RU": "2 пассажира"
        }
    }
}
