{
    "id": "rct2.chpsh",
    "authors": ["Chris Sawyer", "Simon Foster"],
    "version": "1.0",
    "originalId": "0A188A80|CHPSH   |7A476E0A",
    "sourceGame": ["rct2", "rct1"],
    "objectType": "ride",
    "properties": {
        "type": "food_stall",
        "category": "stall",
        "sells": "chips",
        "disablePainting": true,
        "carsPerFlatRide": 1,
        "carColours": [
            [
                ["black", "black", "black"]
            ]
        ]
    },
    "images": ["$RCT2:OBJDATA/CHPSH.DAT[0..6]"],
    "strings": {
        "name": {
            "en-GB": "Chip Shop",
            "en-US": "Fries Shop",
            "fr-FR": "Chips shop",
            "de-DE": "Pommesbude",
            "es-ES": "Puesto patatas fritas",
            "it-IT": "Chiosco a patatina",
            "nl-NL": "Frietkot",
            "sv-SE": "Chipsaffär",
            "ko-KR": "감자칩 가게",
            "zh-CN": "薯片店",
            "zh-TW": "洋芋片店",
            "pt-BR": "Loja de Fritas",
            "cs-CZ": "Stánek s hranolkami",
            "ja-JP": "フライドポテト・ショップ",
            "pl-PL": "Sklepik z żetonami",
            "ru-RU": "Картошка"
        },
        "description": {
            "en-GB": "A hut selling chips",
            "en-US": "A hut selling fries",
            "fr-FR": "Cabane vendant des chips",
            "de-DE": "Ein Häuschen, in dem Pommes Frites verkauft werden",
            "es-ES": "Un puesto que vende patatas fritas",
            "it-IT": "Una capanna che vende patatine",
            "nl-NL": "Een kraam waar friet wordt verkocht.",
            "sv-SE": "En butik där man säljer chips",
            "ko-KR": "감자칩을 파는 가게",
            "zh-CN": "一间卖薯片的小屋子",
            "zh-TW": "一間賣洋芋片的小屋子",
            "pt-BR": "Uma cabana vendendo batatas fritas",
            "cs-CZ": "Stánek prodávající hranolky",
            "ja-JP": "フライドポテトを売る小屋です",
            "pl-PL": "Można tu kupić żetony",
            "ru-RU": "Ларек с картошкой"
        }
    }
}
