{
    "id": "rct2.obs2",
    "authors": ["Chris Sawyer", "Simon Foster"],
    "version": "1.0",
    "originalId": "0A188B80|OBS2    |E9506DED",
    "sourceGame": "rct2",
    "objectType": "ride",
    "properties": {
        "type": "observation_tower",
        "category": "gentle",
        "tabScale": 0.5,
        "hasShelter": true,
        "carsPerFlatRide": 1,
        "ratingMultipler": {
            "excitement": 2
        },
        "carColours": [
            [
                ["white", "white", "yellow"]
            ]
        ],
        "cars": {
            "rotationFrameMask": 7,
            "spacing": 862884,
            "mass": 2500,
            "tabOffset": 7,
            "numSeats": 32,
            "seatsInPairs": false,
            "spriteWidth": 32,
            "spriteHeightNegative": 63,
            "spriteHeightPositive": 14,
            "animation": 6,
            "carVisual": 3,
            "drawOrder": 6,
            "frames": {
                "flat": true
            },
            "VEHICLE_ENTRY_FLAG_ENABLE_ADDITIONAL_COLOUR_2": true,
            "VEHICLE_ENTRY_FLAG_10": true,
            "VEHICLE_ENTRY_FLAG_ENABLE_ADDITIONAL_COLOUR_1": true,
            "VEHICLE_ENTRY_FLAG_VEHICLE_ANIMATION": true,
            "numSegments": 0,
            "loadingWaypoints": [
                [
                    [28, 28],
                    [-28, 28],
                    [-20, 0]
                ],
                [
                    [-28, -28],
                    [-20, 0],
                    [-20, 0]
                ],
                [
                    [-20, 0],
                    [-20, 0],
                    [-20, 0]
                ],
                [
                    [-28, 28],
                    [-20, 0],
                    [-20, 0]
                ],
                [
                    [28, 28],
                    [0, 20],
                    [0, 20]
                ],
                [
                    [28, -28],
                    [28, 28],
                    [0, 20]
                ],
                [
                    [-28, 28],
                    [0, 20],
                    [0, 20]
                ],
                [
                    [0, 20],
                    [0, 20],
                    [0, 20]
                ],
                [
                    [20, 0],
                    [20, 0],
                    [20, 0]
                ],
                [
                    [28, -28],
                    [20, 0],
                    [20, 0]
                ],
                [
                    [-28, -28],
                    [28, -28],
                    [20, 0]
                ],
                [
                    [28, 28],
                    [20, 0],
                    [20, 0]
                ],
                [
                    [28, -28],
                    [0, -20],
                    [0, -20]
                ],
                [
                    [0, -20],
                    [0, -20],
                    [0, -20]
                ],
                [
                    [-28, -28],
                    [0, -20],
                    [0, -20]
                ],
                [
                    [-28, 28],
                    [-28, -28],
                    [0, -20]
                ]
            ]
        }
    },
    "images": ["$RCT2:OBJDATA/OBS2.DAT[0..38]"],
    "strings": {
        "name": {
            "en-GB": "Double-deck Cabin",
            "fr-FR": "Tour d'observation 2-ponts",
            "de-DE": "Doppeldeckkabine",
            "es-ES": "Cabina de observación doble piso",
            "it-IT": "Torre d'osservazione a due piani",
            "nl-NL": "Dubbelsdekscabine",
            "sv-SE": "Dubbeldäckat observationstorn",
            "ko-KR": "2층 전망탑",
            "zh-CN": "双层式了望台",
            "zh-TW": "雙層式瞭望台",
            "pt-BR": "Cabine Plataforma dupla",
            "cs-CZ": "Dvoupatrová vyhlídková věž",
            "ja-JP": "二階建て展望台",
            "pl-PL": "Dwupiętrowa wieża obserwacyjna",
            "ru-RU": "Наблюдательная башня"
        },
        "description": {
            "en-GB": "Twin-deck rotating observation cabin",
            "fr-FR": "Cabine rotative d'observation à double pont qui se hisse au sommet d'une grande tour",
            "de-DE": "Rotierende zweistöckige Aussichtskabine",
            "es-ES": "Cabinas de observación con doble piso que viajan verticalmente en una torre alta",
            "it-IT": "Cabina d'osservazione rotante a due piani che sale su un'alta torre",
            "nl-NL": "Draaiende observatiecabine met twee dekken die langs een verticale toren omhoog gaat.",
            "sv-SE": "Dubbeldäckad roterande observationskabin som åker upp för ett högt torn",
            "ko-KR": "높은 탑을 따라 올라가면서 회전하는 2층 전망대 객실",
            "zh-CN": "双层式观察舱旋转移动到高塔上面",
            "zh-TW": "雙層式觀察艙旋轉移動到高塔上面",
            "pt-BR": "Cabine giratória de observação de dois andares",
            "cs-CZ": "Otáčející se dvoupatrová vyhlídková věž, která postupně vyjíždí na vysokou věž",
            "ja-JP": "2階建ての展望キャビンが回転しながら高い塔を登ります",
            "pl-PL": "Obrotowa piętrowa kabina obserwacyjna wjeżdżająca na wysoką wieżę",
            "ru-RU": "Вращающаяся кабинка поднимается на высокую башню."
        },
        "capacity": {
            "en-GB": "32 passengers",
            "fr-FR": "32 passagers",
            "de-DE": "32 Fahrgäste",
            "es-ES": "32 pasajeros",
            "it-IT": "32 passeggeri",
            "nl-NL": "32 passagiers",
            "sv-SE": "32 passagerare",
            "ko-KR": "승객 32명",
            "zh-CN": "32 位乘客",
            "zh-TW": "32 位乘客",
            "pt-BR": "32 passageiros",
            "cs-CZ": "32 návštěvníků",
            "ja-JP": "定員32名",
            "pl-PL": "32 pasażerów",
            "ru-RU": "32 пассажира"
        }
    }
}
