{
    "id": "rct2.pathash",
    "authors": ["Chris Sawyer", "Simon Foster"],
    "version": "1.0",
    "originalId": "0A188785|PATHASH |E3E40173",
    "sourceGame": ["rct2", "rct1aa"],
    "objectType": "footpath",
    "properties": {
        "supportType": "pole",
        "scrollingMode": 0
    },
    "images": ["$RCT2:OBJDATA/PATHASH.DAT[0..145]"],
    "strings": {
        "name": {
            "en-GB": "Ash Footpath",
            "fr-FR": "Allée en bois",
            "de-DE": "Aschefußweg",
            "es-ES": "Sendero de ceniza",
            "it-IT": "Sentiero di cenere",
            "nl-NL": "Voetpad met aslaag",
            "sv-SE": "Gångväg av aska",
            "ko-KR": "잿더미 보도",
            "zh-CN": "梣木步道",
            "zh-TW": "梣木步道",
            "pt-BR": "Caminho de Cascalho",
            "cs-CZ": "Popelavá cesta",
            "ja-JP": "灰色の歩道",
            "pl-PL": "Dróżka żwirowa",
            "ru-RU": "Гравий",
            "ar-EG": "ممشي رماد"
        }
    }
}
