{
    "id": "rct2.road",
    "authors": ["Chris Sawyer", "Simon Foster"],
    "version": "1.0",
    "originalId": "0A188885|ROAD    |B04B4D18",
    "sourceGame": ["rct2", "rct1"],
    "objectType": "footpath",
    "properties": {
        "hasElevatedPathImages": true,
        "editorOnly": true,
        "supportType": "box",
        "scrollingMode": 0
    },
    "images": ["$RCT2:OBJDATA/ROAD.DAT[0..167]"],
    "strings": {
        "name": {
            "en-GB": "Road",
            "fr-FR": "Route",
            "de-DE": "Straße",
            "es-ES": "Carretera",
            "it-IT": "Strada",
            "nl-NL": "Weg",
            "sv-SE": "Väg",
            "ko-KR": "도로",
            "zh-CN": "道路",
            "zh-TW": "道路",
            "pt-BR": "Estrada",
            "cs-CZ": "Silnice",
            "ja-JP": "道路",
            "pl-PL": "Droga",
            "ru-RU": "Путь",
            "ar-Eg": "طريق"
        }
    }
}
