{
    "id": "openrct2.station.noplatformnoentrance",
    "authors": ["OpenRCT2 developers"],
    "version": "1.0",
    "originalId": "0000008D|#ORCT2SP|00000000",
    "sourceGame": "official",
    "objectType": "station",
    "properties": {
        "noPlatforms": true
    },
    "images": [],
    "strings": {
        "name": {
            "en-GB": "No entrance, no platform",
            "it-IT": "Senza entrata, senza piattaforma",
            "nl-NL": "Geen ingang, geen perron",
            "ko-KR": "감추기, 승강장도 감추기",
            "zh-CN": "没有入口, 没有站台",
            "ar-EG": "لا مدخل، لا منصة",
            "nb-NO": "Ingen inngang, ingen plattform",
            "hu-HU": "Nincs bejárat, nincs állomás",
            "es-ES": "Entrada invisible, sin plataforma"
        }
    }
}
