{
    "id": "rct2.benchspc",
    "authors": ["Chris Sawyer", "Simon Foster"],
    "version": "1.0",
    "originalId": "0A188786|BENCHSPC|87A1FD97",
    "sourceGame": ["rct2", "rct1ll"],
    "objectType": "footpath_item",
    "properties": {
        "isBench": true,
        "isBreakable": true,
        "renderAs": "bench",
        "cursor": "CURSOR_BENCH_DOWN",
        "price": 50,
        "sceneryGroup": "SCGPATHX"
    },
    "images": ["$RCT2:OBJDATA/BENCHSPC.DAT[0..8]"],
    "strings": {
        "name": {
            "en-GB": "Bench",
            "fr-FR": "Banc",
            "de-DE": "Bank",
            "es-ES": "Banco",
            "it-IT": "Panchina",
            "nl-NL": "Bank",
            "sv-SE": "Bänk",
            "ko-KR": "의자",
            "zh-CN": "长椅",
            "zh-TW": "長椅",
            "pt-BR": "Banco",
            "cs-CZ": "Lavička",
            "ja-JP": "ベンチ",
            "pl-PL": "Ławka",
            "ru-RU": "Лавка",
            "ar-EG": "مقعد"
        }
    }
}
