{
    "id": "rct2.litter1",
    "authors": ["Chris Sawyer", "Simon Foster"],
    "version": "1.0",
    "originalId": "0A188786|LITTER1 |EB15BAD4",
    "sourceGame": ["rct2", "rct1"],
    "objectType": "footpath_item",
    "properties": {
        "isBin": true,
        "isBreakable": true,
        "isAllowedOnSlope": true,
        "renderAs": "bin",
        "cursor": "CURSOR_BIN_DOWN",
        "price": 30
    },
    "images": ["$RCT2:OBJDATA/LITTER1.DAT[0..12]"],
    "strings": {
        "name": {
            "en-GB": "Litter Bin",
            "fr-FR": "Poubelle",
            "de-DE": "Abfalleimer",
            "es-ES": "Papelera",
            "it-IT": "Cestino dei rifiuti",
            "nl-NL": "Vuilnisbak",
            "sv-SE": "skräpkorg",
            "ko-KR": "쓰레기통",
            "zh-CN": "垃圾桶",
            "zh-TW": "垃圾桶",
            "pt-BR": "Lixeira",
            "cs-CZ": "Odpadkový koš",
            "ja-JP": "ゴミ箱",
            "pl-PL": "Kosz na śmieci",
            "ru-RU": "Урна",
            "ar-EG": "سلة المهملات"
        }
    }
}
