{
    "id": "rct2.lampdsy",
    "authors": ["Chris Sawyer", "Simon Foster"],
    "version": "1.0",
    "originalId": "0A188786|LAMPDSY |761C944D",
    "sourceGame": "rct2",
    "objectType": "footpath_item",
    "properties": {
        "isLamp": true,
        "isBreakable": true,
        "isAllowedOnQueue": true,
        "isAllowedOnSlope": true,
        "renderAs": "lamp",
        "cursor": "CURSOR_LAMPPOST_DOWN",
        "price": 60,
        "sceneryGroup": "SCGPATHX"
    },
    "images": ["$RCT2:OBJDATA/LAMPDSY.DAT[0..8]"],
    "strings": {
        "name": {
            "en-GB": "Daisy Lamp",
            "fr-FR": "Lampadaire marguerite",
            "de-DE": "Gänseblümchen-Lampe",
            "es-ES": "Lámpara margarita",
            "it-IT": "Lampione a margherita",
            "nl-NL": "Lamp in madeliefjesvorm",
            "sv-SE": "Prästkragelampa",
            "ko-KR": "데이지 가로등",
            "zh-CN": "雏菊灯",
            "zh-TW": "雛菊燈",
            "pt-BR": "Luminária Margarida",
            "cs-CZ": "Květinová lampa",
            "ja-JP": "デイジーランプ",
            "pl-PL": "Lampa-stokrotka",
            "ru-RU": "Лампа",
            "ar-EG": "مصباح أقحوان"
        }
    }
}
