{
    "id": "rct2.tarmac",
    "authors": ["Chris Sawyer", "Simon Foster"],
    "version": "1.0",
    "originalId": "0A188885|TARMAC  |1098DC38",
    "sourceGame": ["rct2", "rct1"],
    "objectType": "footpath",
    "properties": {
        "hasElevatedPathImages": true,
        "supportType": "box",
        "scrollingMode": 0
    },
    "images": ["$RCT2:OBJDATA/TARMAC.DAT[0..167]"],
    "strings": {
        "name": {
            "en-GB": "Tarmac Footpath",
            "fr-FR": "Allée en bitume",
            "de-DE": "Makadam-Fußweg",
            "es-ES": "Sendero asfaltado",
            "it-IT": "Sentiero di catrame",
            "nl-NL": "Voetpad van asfalt",
            "sv-SE": "Asfalterad gångväg",
            "ko-KR": "타맥 보도",
            "zh-CN": "柏油碎石步道",
            "zh-TW": "柏油碎石步道",
            "pt-BR": "Caminho de Asfalto",
            "cs-CZ": "Asfaltová cesta",
            "ja-JP": "舗装歩道",
            "pl-PL": "Dróżka tłuczniowa",
            "ru-RU": "Асфальт",
            "ar-EG": "ممشي مُعبد"
        }
    }
}
