{
    "id": "rct2.tarmacg",
    "authors": ["Chris Sawyer", "Simon Foster"],
    "version": "1.0",
    "originalId": "0A188885|TARMACG |42F9219F",
    "sourceGame": ["rct2", "rct1aa"],
    "objectType": "footpath",
    "properties": {
        "hasSupportImages": true,
        "hasElevatedPathImages": true,
        "supportType": "pole",
        "scrollingMode": 0
    },
    "images": ["$RCT2:OBJDATA/TARMACG.DAT[0..164]"],
    "strings": {
        "name": {
            "en-GB": "Green Tarmac Footpath",
            "fr-FR": "Allée en bitume vert",
            "de-DE": "Grüner Makadam-Fußweg",
            "es-ES": "Sendero asfaltado verde",
            "it-IT": "Sentiero di catrame verde",
            "nl-NL": "Voetpad van groen asfalt",
            "sv-SE": "Grön asfaltgångväg",
            "ko-KR": "녹색 타맥 보도",
            "zh-CN": "绿色柏油碎石步道",
            "zh-TW": "綠色柏油碎石步道",
            "pt-BR": "Caminho de Asfalto Verde",
            "cs-CZ": "Zelená asfaltová cesta",
            "ja-JP": "緑色の舗装歩道",
            "pl-PL": "Zielona dróżka tłuczniowa",
            "ru-RU": "Зелёный асфальт",
            "ar-EG": "ممشي أخضر مُعبد"
        }
    }
}
