{
    "id": "rct2.pathcrzy",
    "authors": ["Chris Sawyer", "Simon Foster"],
    "version": "1.0",
    "originalId": "0A188885|PATHCRZY|51E64899",
    "sourceGame": ["rct2", "rct1"],
    "objectType": "footpath",
    "properties": {
        "hasSupportImages": true,
        "hasElevatedPathImages": true,
        "supportType": "pole",
        "scrollingMode": 0
    },
    "images": ["$RCT2:OBJDATA/PATHCRZY.DAT[0..164]"],
    "strings": {
        "name": {
            "en-GB": "Crazy Paving Footpath",
            "fr-FR": "Allée pavée",
            "de-DE": "Fußweg mit verrücktem Belag",
            "es-ES": "Sendero de empedrado loco",
            "it-IT": "Sentiero strampalato",
            "nl-NL": "Voetpad met onregelmatig plaveisel",
            "sv-SE": "Rolig stengång",
            "ko-KR": "벽돌 보도",
            "zh-CN": "古怪步道",
            "zh-TW": "古怪步道",
            "pt-BR": "Caminho de Pavimento Doido",
            "cs-CZ": "Šílená cesta",
            "ja-JP": "クレイジー敷石歩道",
            "pl-PL": "Zwariowana dróżka",
            "ru-RU": "Дорожка",
            "ar-EG": "ممشي مجنون مرصوف"
        }
    }
}
