{
    "id": "rct2.genstore",
    "authors": ["Chris Sawyer", "Simon Foster"],
    "version": "1.0",
    "originalId": "0A188C82|GENSTORE|3DD341F9",
    "sourceGame": "rct2",
    "objectType": "scenery_large",
    "properties": {
        "price": 125,
        "removalPrice": -75,
        "cursor": "CURSOR_HOUSE_DOWN",
        "tiles": [
            {
                "x": 0,
                "y": 0,
                "clearance": 64,
                "hasSupports": true,
                "walls": 9
            },
            {
                "x": 0,
                "y": 32,
                "clearance": 64,
                "hasSupports": true,
                "walls": 3
            },
            {
                "x": 32,
                "y": 0,
                "clearance": 64,
                "hasSupports": true,
                "walls": 12
            },
            {
                "x": 32,
                "y": 32,
                "clearance": 64,
                "hasSupports": true,
                "walls": 6
            }
        ]
    },
    "images": ["$RCT2:OBJDATA/GENSTORE.DAT[0..19]"],
    "strings": {
        "name": {
            "en-GB": "General Store",
            "fr-FR": "Boutique généraliste",
            "de-DE": "Gemischtwarenhandlung",
            "es-ES": "Gran almacén",
            "it-IT": "Magazzini generali",
            "nl-NL": "General store",
            "sv-SE": "Diversehandel",
            "ko-KR": "일반 상점",
            "zh-CN": "普通商店",
            "zh-TW": "普通商店",
            "pt-BR": "Loja de Departamentos",
            "cs-CZ": "Obchod se smíšeným zbožím",
            "ja-JP": "雑貨店",
            "pl-PL": "Sklep wielobranżowy",
            "ru-RU": "Лавка"
        }
    }
}
