{
    "id": "rct2.sah",
    "authors": ["Chris Sawyer", "Simon Foster"],
    "version": "1.0",
    "originalId": "0A188C82|SAH     |5928D359",
    "sourceGame": ["rct2", "rct1ll"],
    "objectType": "scenery_large",
    "properties": {
        "price": 130,
        "removalPrice": 100,
        "cursor": "CURSOR_HOUSE_DOWN",
        "tiles": [
            {
                "x": 0,
                "y": 0,
                "clearance": 96,
                "hasSupports": true,
                "walls": 9
            },
            {
                "x": 0,
                "y": 32,
                "clearance": 96,
                "hasSupports": true,
                "walls": 3
            },
            {
                "x": 32,
                "y": 0,
                "clearance": 96,
                "hasSupports": true,
                "walls": 12
            },
            {
                "x": 32,
                "y": 32,
                "clearance": 96,
                "hasSupports": true,
                "walls": 6
            }
        ]
    },
    "images": ["$RCT2:OBJDATA/SAH.DAT[0..19]"],
    "strings": {
        "name": {
            "en-GB": "House",
            "fr-FR": "Maison",
            "de-DE": "Haus",
            "es-ES": "Casa",
            "it-IT": "Casa",
            "nl-NL": "Huis",
            "sv-SE": "Hus",
            "ko-KR": "집",
            "zh-CN": "房子",
            "zh-TW": "房子",
            "pt-BR": "Casa",
            "cs-CZ": "Dům",
            "ja-JP": "家",
            "pl-PL": "Dom",
            "ru-RU": "Дом"
        }
    }
}
