{
    "id": "rct2.scol",
    "authors": ["Chris Sawyer", "Simon Foster"],
    "version": "1.0",
    "originalId": "0A188C82|SCOL    |B25D6659",
    "sourceGame": ["rct2", "rct1"],
    "objectType": "scenery_large",
    "properties": {
        "price": 200,
        "removalPrice": -170,
        "cursor": "CURSOR_HOUSE_DOWN",
        "isPhotogenic": true,
        "tiles": [
            {
                "x": 0,
                "y": 0,
                "clearance": 72,
                "hasSupports": true,
                "walls": 9,
                "corners": 1
            },
            {
                "x": 0,
                "y": 32,
                "clearance": 72,
                "hasSupports": true,
                "walls": 5,
                "corners": 11
            },
            {
                "x": 0,
                "y": 64,
                "clearance": 72,
                "hasSupports": true,
                "walls": 5,
                "corners": 7
            },
            {
                "x": 0,
                "y": 96,
                "clearance": 72,
                "hasSupports": true,
                "walls": 3,
                "corners": 2
            },
            {
                "x": 32,
                "y": 96,
                "clearance": 72,
                "hasSupports": true,
                "walls": 10,
                "corners": 7
            },
            {
                "x": 64,
                "y": 96,
                "clearance": 72,
                "hasSupports": true,
                "walls": 10,
                "corners": 14
            },
            {
                "x": 96,
                "y": 96,
                "clearance": 72,
                "hasSupports": true,
                "walls": 6,
                "corners": 4
            },
            {
                "x": 96,
                "y": 64,
                "clearance": 72,
                "hasSupports": true,
                "walls": 5,
                "corners": 14
            },
            {
                "x": 96,
                "y": 32,
                "clearance": 72,
                "hasSupports": true,
                "walls": 5,
                "corners": 13
            },
            {
                "x": 96,
                "y": 0,
                "clearance": 72,
                "hasSupports": true,
                "walls": 12,
                "corners": 8
            },
            {
                "x": 64,
                "y": 0,
                "clearance": 72,
                "hasSupports": true,
                "walls": 10,
                "corners": 13
            },
            {
                "x": 32,
                "y": 0,
                "clearance": 72,
                "hasSupports": true,
                "walls": 10,
                "corners": 11
            }
        ]
    },
    "images": ["$RCT2:OBJDATA/SCOL.DAT[0..51]"],
    "strings": {
        "name": {
            "en-GB": "Roman Colosseum",
            "fr-FR": "Colosse romain",
            "de-DE": "Römisches Kolosseum",
            "es-ES": "Coliseo romano",
            "it-IT": "Colosseo romano",
            "nl-NL": "Colosseum",
            "sv-SE": "Romersk amfiteater",
            "ko-KR": "로마 콜로세움",
            "zh-CN": "古罗马圆形大竞技场",
            "zh-TW": "古羅馬圓形大競技場",
            "pt-BR": "Coliseu Romano",
            "cs-CZ": "Římské koloseum",
            "ja-JP": "ローマのコロシアム",
            "pl-PL": "Koloseum",
            "ru-RU": "Колизей"
        }
    }
}
