{
    "id": "rct2.saloon",
    "authors": ["Chris Sawyer", "Simon Foster"],
    "version": "1.0",
    "originalId": "0A188C82|SALOON  |B1E6545E",
    "sourceGame": "rct2",
    "objectType": "scenery_large",
    "properties": {
        "price": 140,
        "removalPrice": -95,
        "cursor": "CURSOR_HOUSE_DOWN",
        "tiles": [
            {
                "x": 0,
                "y": 0,
                "clearance": 88,
                "hasSupports": true,
                "walls": 9
            },
            {
                "x": 0,
                "y": 32,
                "clearance": 88,
                "hasSupports": true,
                "walls": 3
            },
            {
                "x": 32,
                "y": 0,
                "clearance": 88,
                "hasSupports": true,
                "walls": 12
            },
            {
                "x": 32,
                "y": 32,
                "clearance": 88,
                "hasSupports": true,
                "walls": 6
            }
        ]
    },
    "images": ["$RCT2:OBJDATA/SALOON.DAT[0..19]"],
    "strings": {
        "name": {
            "en-GB": "Saloon",
            "es-ES": "Salón",
            "nl-NL": "Saloon",
            "sv-SE": "Vildavästernbar",
            "ko-KR": "주점",
            "zh-CN": "餐厅",
            "zh-TW": "廳",
            "cs-CZ": "Salón",
            "ja-JP": "酒場",
            "pl-PL": "Saloon",
            "ru-RU": "Салун"
        }
    }
}
