{
    "id": "rct2.smh2",
    "authors": ["Chris Sawyer", "Simon Foster"],
    "version": "1.0",
    "originalId": "0A188C82|SMH2    |907AFC93",
    "sourceGame": ["rct2", "rct1"],
    "objectType": "scenery_large",
    "properties": {
        "price": 100,
        "removalPrice": -90,
        "cursor": "CURSOR_HOUSE_DOWN",
        "tiles": [
            {
                "x": 0,
                "y": 0,
                "clearance": 48,
                "hasSupports": true,
                "walls": 9
            },
            {
                "x": 0,
                "y": 32,
                "clearance": 48,
                "hasSupports": true,
                "walls": 3
            },
            {
                "x": 32,
                "y": 0,
                "clearance": 48,
                "hasSupports": true,
                "walls": 12
            },
            {
                "x": 32,
                "y": 32,
                "clearance": 48,
                "hasSupports": true,
                "walls": 6
            }
        ]
    },
    "images": ["$RCT2:OBJDATA/SMH2.DAT[0..19]"],
    "strings": {
        "name": {
            "en-GB": "Mine Hut",
            "fr-FR": "Cabane minière",
            "de-DE": "Minenhütte",
            "es-ES": "Cabaña minera",
            "it-IT": "Capanna del minatore",
            "nl-NL": "Mijnhut",
            "sv-SE": "Gruvbarack",
            "ko-KR": "탄광 건물",
            "zh-CN": "圹坑小屋",
            "zh-TW": "壙坑小屋",
            "pt-BR": "Cabana de Mina",
            "cs-CZ": "Hornická chatrč",
            "ja-JP": "採掘小屋",
            "pl-PL": "Chatka górnicza",
            "ru-RU": "Хибара"
        }
    }
}
