{
    "id": "rct2.shs2",
    "authors": ["Chris Sawyer", "Simon Foster"],
    "version": "1.0",
    "originalId": "0A188C82|SHS2    |6DB92AC8",
    "sourceGame": ["rct2", "rct1"],
    "objectType": "scenery_large",
    "properties": {
        "price": 145,
        "removalPrice": 100,
        "cursor": "CURSOR_HOUSE_DOWN",
        "hasPrimaryColour": true,
        "hasSecondaryColour": true,
        "tiles": [
            {
                "x": 0,
                "y": 0,
                "clearance": 96,
                "hasSupports": true,
                "walls": 9
            },
            {
                "x": 0,
                "y": 32,
                "clearance": 96,
                "hasSupports": true,
                "walls": 3
            },
            {
                "x": 32,
                "y": 0,
                "clearance": 96,
                "hasSupports": true,
                "walls": 8
            },
            {
                "x": 32,
                "y": 32,
                "clearance": 96,
                "hasSupports": true,
                "walls": 2
            },
            {
                "x": 64,
                "y": 0,
                "clearance": 96,
                "hasSupports": true,
                "walls": 8
            },
            {
                "x": 64,
                "y": 32,
                "clearance": 96,
                "hasSupports": true,
                "walls": 2
            },
            {
                "x": 96,
                "y": 0,
                "clearance": 96,
                "hasSupports": true,
                "walls": 12
            },
            {
                "x": 96,
                "y": 32,
                "clearance": 96,
                "hasSupports": true,
                "walls": 6
            }
        ]
    },
    "images": ["$RCT2:OBJDATA/SHS2.DAT[0..35]"],
    "strings": {
        "name": {
            "en-GB": "House",
            "fr-FR": "Maison",
            "de-DE": "Haus",
            "es-ES": "Casa",
            "it-IT": "Casa",
            "nl-NL": "Huis",
            "sv-SE": "Hus",
            "ko-KR": "집",
            "zh-CN": "房屋",
            "zh-TW": "房屋",
            "pt-BR": "Casa",
            "cs-CZ": "Dům",
            "ja-JP": "家",
            "pl-PL": "Dom",
            "ru-RU": "Дом"
        }
    }
}
