{
    "id": "rct2.soh3",
    "authors": ["Chris Sawyer", "Simon Foster"],
    "version": "1.0",
    "originalId": "0A188C82|SOH3    |43C75919",
    "sourceGame": ["rct2", "rct1ll"],
    "objectType": "scenery_large",
    "properties": {
        "price": 33,
        "removalPrice": 20,
        "cursor": "CURSOR_HOUSE_DOWN",
        "hasPrimaryColour": true,
        "tiles": [
            {
                "x": 0,
                "y": 0,
                "clearance": 80,
                "hasSupports": true,
                "walls": 15
            }
        ]
    },
    "images": ["$RCT2:OBJDATA/SOH3.DAT[0..7]"],
    "strings": {
        "name": {
            "en-GB": "House",
            "fr-FR": "Maison",
            "de-DE": "Haus",
            "es-ES": "Casa",
            "it-IT": "Casa",
            "nl-NL": "Huis",
            "sv-SE": "Hus",
            "ko-KR": "집",
            "zh-CN": "房屋",
            "zh-TW": "房屋",
            "pt-BR": "Casa",
            "cs-CZ": "Dům",
            "ja-JP": "家",
            "pl-PL": "Dom",
            "ru-RU": "Дом"
        }
    }
}
