{
    "id": "rct2.sdn3",
    "authors": ["Chris Sawyer", "Simon Foster"],
    "version": "1.0",
    "originalId": "0A188C82|SDN3    |3199D190",
    "sourceGame": ["rct2", "rct1aa"],
    "objectType": "scenery_large",
    "properties": {
        "price": 40,
        "removalPrice": -35,
        "cursor": "CURSOR_STATUE_DOWN",
        "tiles": [
            {
                "x": 0,
                "y": 0,
                "clearance": 112,
                "hasSupports": true,
                "walls": 7
            },
            {
                "x": 0,
                "y": -32,
                "clearance": 112,
                "hasSupports": true,
                "walls": 13
            }
        ]
    },
    "images": ["$RCT2:OBJDATA/SDN3.DAT[0..11]"],
    "strings": {
        "name": {
            "en-GB": "Dinosaur",
            "fr-FR": "Dinosaure",
            "de-DE": "Dinosaurier",
            "es-ES": "Dinosaurio",
            "it-IT": "Dinosauro",
            "nl-NL": "Dinosaurus",
            "sv-SE": "Dinosaurie",
            "ko-KR": "공룡",
            "zh-CN": "恐龙",
            "zh-TW": "恐龍",
            "pt-BR": "Dinossauro",
            "cs-CZ": "Dinosaurus",
            "ja-JP": "恐竜",
            "pl-PL": "Dinozaur",
            "ru-RU": "Динозавр"
        }
    }
}
