{
    "id": "rct2.prship",
    "authors": ["Chris Sawyer", "Simon Foster"],
    "version": "1.0",
    "originalId": "0A188C82|PRSHIP  |5CD70D93",
    "sourceGame": "rct2",
    "objectType": "scenery_large",
    "properties": {
        "price": 190,
        "removalPrice": -150,
        "cursor": "CURSOR_STATUE_DOWN",
        "isPhotogenic": true,
        "tiles": [
            {
                "x": 0,
                "y": 0,
                "clearance": 136,
                "hasSupports": true,
                "walls": 9
            },
            {
                "x": 0,
                "y": 32,
                "clearance": 136,
                "hasSupports": true,
                "walls": 3
            },
            {
                "x": 32,
                "y": 0,
                "clearance": 136,
                "hasSupports": true,
                "walls": 8
            },
            {
                "x": 32,
                "y": 32,
                "clearance": 136,
                "hasSupports": true,
                "walls": 2
            },
            {
                "x": 64,
                "y": 0,
                "clearance": 136,
                "hasSupports": true,
                "walls": 8
            },
            {
                "x": 64,
                "y": 32,
                "clearance": 136,
                "hasSupports": true,
                "walls": 2
            },
            {
                "x": 96,
                "y": 0,
                "clearance": 136,
                "hasSupports": true,
                "walls": 12
            },
            {
                "x": 96,
                "y": 32,
                "clearance": 136,
                "hasSupports": true,
                "walls": 6
            }
        ]
    },
    "images": ["$RCT2:OBJDATA/PRSHIP.DAT[0..35]"],
    "strings": {
        "name": {
            "en-GB": "Pirate Ship",
            "fr-FR": "Bateau pirate",
            "de-DE": "Piratenschiff",
            "es-ES": "Barco pirata",
            "it-IT": "Nave dei pirati",
            "nl-NL": "Piratenschip",
            "sv-SE": "Piratskepp",
            "ko-KR": "해적선",
            "zh-CN": "海盗船",
            "zh-TW": "海盜船",
            "pt-BR": "Navio Pirata",
            "cs-CZ": "Pirátská loď",
            "ja-JP": "海賊船",
            "nb-NO": "Piratskip",
            "pl-PL": "Okręt piracki",
            "ru-RU": "Корабль"
        }
    }
}
