{
    "id": "rct2.tcj",
    "authors": ["Chris Sawyer", "Simon Foster"],
    "version": "1.0",
    "originalId": "0A188D81|TCJ     |A88F5E34",
    "sourceGame": ["rct2", "rct1"],
    "objectType": "scenery_small",
    "properties": {
        "price": 10,
        "removalPrice": 5,
        "cursor": "CURSOR_TREE_DOWN",
        "height": 64,
        "isTree": true,
        "shape": "1/4",
        "SMALL_SCENERY_FLAG_VOFFSET_CENTRE": true
    },
    "images": ["$RCT2:OBJDATA/TCJ.DAT[0..3]"],
    "strings": {
        "name": {
            "en-GB": "Common Juniper Tree",
            "fr-FR": "Genévrier",
            "de-DE": "Wacholderbaum",
            "es-ES": "Enebro común",
            "it-IT": "Ginepro comune",
            "nl-NL": "Gewone Jeneverbes",
            "sv-SE": "Vanlig en",
            "ko-KR": "노간주나무",
            "zh-CN": "一般桧树",
            "zh-TW": "一般檜樹",
            "pt-BR": "Árvore Zimbro Comum",
            "cs-CZ": "Jalovec",
            "ja-JP": "普通のネズの木",
            "pl-PL": "Jałowiec",
            "ru-RU": "Можжевельник"
        }
    }
}
