{
    "id": "rct2.buttfly",
    "authors": ["Chris Sawyer", "Simon Foster"],
    "version": "1.0",
    "originalId": "0A188C81|BUTTFLY |D2C2DCF7",
    "sourceGame": "rct2",
    "objectType": "scenery_small",
    "properties": {
        "price": 38,
        "removalPrice": -30,
        "cursor": "CURSOR_STATUE_DOWN",
        "height": 24,
        "animationMask": 255,
        "numFrames": 64,
        "shape": "4/4",
        "SMALL_SCENERY_FLAG_VOFFSET_CENTRE": true,
        "isRotatable": true,
        "isAnimated": true,
        "hasPrimaryColour": true,
        "isStackable": true,
        "hasSecondaryColour": true,
        "SMALL_SCENERY_FLAG_VISIBLE_WHEN_ZOOMED": true,
        "frameOffsets": [0, 1, 2, 3, 2, 1, 0, 1, 2, 3, 4, 5, 6, 7, 6, 5, 4, 3, 2, 1, 0, 1, 2, 3, 4, 5, 6, 7, 6, 5, 4, 3, 2, 1, 0, 1, 2, 3, 4, 5, 6, 7, 6, 5, 4, 3, 2, 1, 0, 1, 2, 3, 4, 5, 6, 7, 6, 5, 4, 3, 2, 1, 0, 0]
    },
    "images": ["$RCT2:OBJDATA/BUTTFLY.DAT[0..35]"],
    "strings": {
        "name": {
            "en-GB": "Butterfly",
            "fr-FR": "Papillon",
            "de-DE": "Schmetterling",
            "es-ES": "Mariposa",
            "it-IT": "Farfalla",
            "nl-NL": "Vlinder",
            "sv-SE": "Fjäril",
            "ko-KR": "나비",
            "zh-CN": "蝴蝶",
            "zh-TW": "蝴蝶",
            "pt-BR": "Borboleta",
            "cs-CZ": "Motýl",
            "ja-JP": "ちょうちょ",
            "pl-PL": "Motyl",
            "ru-RU": "Бабочка"
        }
    }
}
