{
    "id": "rct2.tce",
    "authors": ["Chris Sawyer", "Simon Foster"],
    "version": "1.0",
    "originalId": "0A188D81|TCE     |A5FDB03A",
    "sourceGame": ["rct2", "rct1"],
    "objectType": "scenery_small",
    "properties": {
        "price": 15,
        "removalPrice": 8,
        "cursor": "CURSOR_TREE_DOWN",
        "height": 56,
        "isTree": true,
        "shape": "4/4"
    },
    "images": ["$RCT2:OBJDATA/TCE.DAT[0..3]"],
    "strings": {
        "name": {
            "en-GB": "Camperdown Elm Tree",
            "fr-FR": "Orme",
            "de-DE": "Camperdown-Ulme",
            "es-ES": "Olmo de Camperdown",
            "it-IT": "Olmo di Camperdown",
            "nl-NL": "Camperdowniep",
            "sv-SE": "Camperdown-alm",
            "ko-KR": "캠퍼다운 느릅나무",
            "zh-CN": "榆树",
            "zh-TW": "榆樹",
            "pt-BR": "Árvore Olmo-de-Camperdown",
            "cs-CZ": "Jilm",
            "ja-JP": "キャンパーダウンニレの木",
            "pl-PL": "Wiąz",
            "ru-RU": "Ильм"
        }
    }
}
