{
    "id": "rct2.stldw",
    "authors": ["Chris Sawyer", "Simon Foster"],
    "version": "1.0",
    "originalId": "0A188D81|STLDW   |68F06444",
    "sourceGame": "rct2",
    "objectType": "scenery_small",
    "properties": {
        "price": 18,
        "removalPrice": -13,
        "cursor": "CURSOR_HOUSE_DOWN",
        "height": 32,
        "sceneryGroup": "SCGWALLS",
        "shape": "4/4+D",
        "SMALL_SCENERY_FLAG_VOFFSET_CENTRE": true,
        "requiresFlatSurface": true,
        "isRotatable": true,
        "hasPrimaryColour": true,
        "isStackable": true,
        "prohibitWalls": true,
        "hasNoSupports": true
    },
    "images": ["$RCT2:OBJDATA/STLDW.DAT[0..3]"],
    "strings": {
        "name": {
            "en-GB": "Steel Wall",
            "fr-FR": "Mur métallique",
            "de-DE": "Stahlmauer",
            "es-ES": "Pared de acero",
            "it-IT": "Muro d'acciaio",
            "nl-NL": "Stalen wand",
            "sv-SE": "Stålmur",
            "ko-KR": "강철 벽",
            "zh-CN": "钢铁墙",
            "zh-TW": "鋼鐵牆",
            "pt-BR": "Muro de Aço",
            "cs-CZ": "Ocelová stěna",
            "ja-JP": "スチール壁",
            "pl-PL": "Stalowa ściana",
            "ru-RU": "Стена"
        }
    }
}
