{
    "id": "rct2.ggrs1",
    "authors": ["Chris Sawyer", "Simon Foster"],
    "version": "1.0",
    "originalId": "0A188D81|GGRS1   |EDB2734E",
    "sourceGame": "rct2",
    "objectType": "scenery_small",
    "properties": {
        "price": 12,
        "removalPrice": -7,
        "cursor": "CURSOR_TREE_DOWN",
        "height": 128,
        "shape": "1/4",
        "isStackable": true
    },
    "images": ["$RCT2:OBJDATA/GGRS1.DAT[0..3]"],
    "strings": {
        "name": {
            "en-GB": "Giant Grass",
            "fr-FR": "Pelouse géante",
            "de-DE": "Gigantisches Gras",
            "es-ES": "Hierba gigante",
            "it-IT": "Erba gigante",
            "nl-NL": "Gigantisch Gras",
            "sv-SE": "Jättegräs",
            "ko-KR": "대형 풀",
            "zh-CN": "大型牧草",
            "zh-TW": "大型牧草",
            "pt-BR": "Grama Gigante",
            "cs-CZ": "Obrovská tráva",
            "ja-JP": "巨大な草",
            "pl-PL": "Olbrzymia trawa",
            "ru-RU": "Трава"
        }
    }
}
