{
    "id": "rct2.tas4",
    "authors": ["Chris Sawyer", "Simon Foster"],
    "version": "1.0",
    "originalId": "0A188D81|TAS4    |B1A07345",
    "sourceGame": ["rct2", "rct1"],
    "objectType": "scenery_small",
    "properties": {
        "price": 6,
        "removalPrice": -4,
        "cursor": "CURSOR_TREE_DOWN",
        "height": 32,
        "shape": "1/4",
        "isStackable": true
    },
    "images": ["$RCT2:OBJDATA/TAS4.DAT[0..3]"],
    "strings": {
        "name": {
            "en-GB": "Candy",
            "fr-FR": "Bonbon",
            "de-DE": "Süßigkeiten",
            "es-ES": "Caramelo",
            "it-IT": "Dolci",
            "nl-NL": "Snoep",
            "sv-SE": "Godis",
            "ko-KR": "사탕",
            "zh-CN": "糖果",
            "zh-TW": "糖果",
            "pt-BR": "Doce",
            "cs-CZ": "Cukroví",
            "ja-JP": "キャンディー",
            "pl-PL": "Cukierek",
            "ru-RU": "Пирог"
        }
    }
}
