{
    "id": "rct2.tic",
    "authors": ["Chris Sawyer", "Simon Foster"],
    "version": "1.0",
    "originalId": "0A188E81|TIC     |A400F7DE",
    "sourceGame": ["rct2", "rct1"],
    "objectType": "scenery_small",
    "properties": {
        "price": 30,
        "removalPrice": 15,
        "cursor": "CURSOR_TREE_DOWN",
        "height": 136,
        "isTree": true,
        "shape": "4/4"
    },
    "images": ["$RCT2:OBJDATA/TIC.DAT[0..3]"],
    "strings": {
        "name": {
            "en-GB": "Incense Cedar Tree",
            "fr-FR": "Cèdre d'encens",
            "de-DE": "Weihrauchzeder",
            "es-ES": "Cedro de incienso",
            "it-IT": "Cedro da incenso",
            "nl-NL": "Wierookceder",
            "sv-SE": "Doftceder",
            "ko-KR": "미국 삼나무",
            "zh-CN": "檀香杉树",
            "zh-TW": "檀香杉樹",
            "pt-BR": "Árvore Cedro-de-Incenso",
            "cs-CZ": "Cedr",
            "ja-JP": "オニヒバ",
            "pl-PL": "Cedr wonny",
            "ru-RU": "Ладанный кедр"
        }
    }
}
