{
    "id": "rct2.th2",
    "authors": ["Chris Sawyer", "Simon Foster"],
    "version": "1.0",
    "originalId": "0A188E81|TH2     |298118E3",
    "sourceGame": ["rct2", "rct1"],
    "objectType": "scenery_small",
    "properties": {
        "price": 21,
        "removalPrice": 10,
        "cursor": "CURSOR_TREE_DOWN",
        "height": 152,
        "isTree": true,
        "shape": "4/4"
    },
    "images": ["$RCT2:OBJDATA/TH2.DAT[0..3]"],
    "strings": {
        "name": {
            "en-GB": "Palm Tree",
            "fr-FR": "Palmier",
            "de-DE": "Palme",
            "es-ES": "Palmera",
            "it-IT": "Palma",
            "nl-NL": "Palmboom",
            "sv-SE": "Palm",
            "ko-KR": "야자수",
            "zh-CN": "棕榈树",
            "zh-TW": "棕櫚樹",
            "pt-BR": "Árvore Palmeira",
            "cs-CZ": "Palma",
            "ja-JP": "ヤシの木",
            "pl-PL": "Palma",
            "ru-RU": "Пальма"
        }
    }
}
