{
    "id": "rct2.spider1",
    "authors": ["Chris Sawyer", "Simon Foster"],
    "version": "1.0",
    "originalId": "0A188D81|SPIDER1 |91F39ACB",
    "sourceGame": "rct2",
    "objectType": "scenery_small",
    "properties": {
        "price": 40,
        "removalPrice": -30,
        "cursor": "CURSOR_STATUE_DOWN",
        "height": 32,
        "animationDelay": 1,
        "animationMask": 255,
        "numFrames": 64,
        "shape": "4/4",
        "SMALL_SCENERY_FLAG_VOFFSET_CENTRE": true,
        "isRotatable": true,
        "isAnimated": true,
        "isStackable": true,
        "SMALL_SCENERY_FLAG_VISIBLE_WHEN_ZOOMED": true,
        "frameOffsets": [0, 1, 2, 3, 4, 5, 6, 7, 8, 9, 10, 11, 12, 13, 14, 15, 16, 17, 18, 19, 20, 21, 22, 23, 10, 11, 12, 13, 14, 15, 16, 17, 18, 19, 20, 21, 22, 23, 10, 11, 12, 13, 14, 15, 16, 17, 18, 19, 20, 21, 22, 23, 9, 8, 7, 6, 5, 4, 3, 2, 1, 0, 0, 0]
    },
    "images": ["$RCT2:OBJDATA/SPIDER1.DAT[0..99]"],
    "strings": {
        "name": {
            "en-GB": "Spider",
            "fr-FR": "Araignée",
            "de-DE": "Spinne",
            "es-ES": "Araña",
            "it-IT": "Ragno",
            "nl-NL": "Spin",
            "sv-SE": "Spindel",
            "ko-KR": "거미",
            "zh-CN": "蜘蛛",
            "zh-TW": "蜘蛛",
            "pt-BR": "Aranha",
            "cs-CZ": "Pavouk",
            "ja-JP": "クモ",
            "pl-PL": "Pająk",
            "ru-RU": "Паук"
        }
    }
}
