{
    "id": "rct2.terb",
    "authors": ["Chris Sawyer", "Simon Foster"],
    "version": "1.0",
    "originalId": "0A188D81|TERB    |2E71C3E0",
    "sourceGame": ["rct2", "rct1"],
    "objectType": "scenery_small",
    "properties": {
        "price": 5,
        "removalPrice": -5,
        "cursor": "CURSOR_STATUE_DOWN",
        "height": 16,
        "shape": "1/4",
        "isRotatable": true,
        "isStackable": true
    },
    "images": ["$RCT2:OBJDATA/TERB.DAT[0..3]"],
    "strings": {
        "name": {
            "en-GB": "Stone Block",
            "fr-FR": "Bloc de pierre",
            "de-DE": "Steinblock",
            "es-ES": "Bloque de piedra",
            "it-IT": "Blocco di pietra",
            "nl-NL": "Blok steen",
            "sv-SE": "Stenblock",
            "ko-KR": "돌 블록",
            "zh-CN": "石块",
            "zh-TW": "石塊",
            "pt-BR": "Bloco de Pedra",
            "cs-CZ": "Kamenný blok",
            "ja-JP": "石のブロック",
            "pl-PL": "Blok kamienny",
            "ru-RU": "Блок"
        }
    }
}
