{
    "id": "rct2.tas2",
    "authors": ["Chris Sawyer", "Simon Foster"],
    "version": "1.0",
    "originalId": "0A188D81|TAS2    |2589180E",
    "sourceGame": ["rct2", "rct1"],
    "objectType": "scenery_small",
    "properties": {
        "price": 10,
        "removalPrice": -5,
        "cursor": "CURSOR_TREE_DOWN",
        "height": 48,
        "shape": "4/4",
        "isStackable": true
    },
    "images": ["$RCT2:OBJDATA/TAS2.DAT[0..3]"],
    "strings": {
        "name": {
            "en-GB": "Candy Tree",
            "fr-FR": "Arbrabonbon",
            "de-DE": "Süßigkeitenbaum",
            "es-ES": "Árbol de caramelo",
            "it-IT": "Albero dei dolci",
            "nl-NL": "Snoepboom",
            "sv-SE": "Godisträd",
            "ko-KR": "사탕 나무",
            "zh-CN": "糖果树",
            "zh-TW": "糖果樹",
            "pt-BR": "Árvore de Doces",
            "cs-CZ": "Strom sladkostí",
            "ja-JP": "キャンディーツリー",
            "pl-PL": "Drzewo cukierkowe",
            "ru-RU": "Дерево"
        }
    }
}
