{
    "id": "rct2.chbbase",
    "authors": ["Chris Sawyer", "Simon Foster"],
    "version": "1.0",
    "originalId": "0A188C81|CHBBASE |FCB1F843",
    "sourceGame": "rct2",
    "objectType": "scenery_small",
    "properties": {
        "price": 20,
        "removalPrice": -15,
        "cursor": "CURSOR_HOUSE_DOWN",
        "height": 8,
        "sceneryGroup": "SCGWALLS",
        "shape": "4/4",
        "SMALL_SCENERY_FLAG_VOFFSET_CENTRE": true,
        "requiresFlatSurface": true,
        "isRotatable": true,
        "isStackable": true,
        "prohibitWalls": true,
        "hasNoSupports": true,
        "allowSupportsAbove": true
    },
    "images": ["$RCT2:OBJDATA/CHBBASE.DAT[0..3]"],
    "strings": {
        "name": {
            "en-GB": "Checkerboard Block",
            "fr-FR": "Bloc en échiquier",
            "de-DE": "Schachbrettblock",
            "es-ES": "Tablero",
            "it-IT": "Blocco da scacchiera",
            "nl-NL": "Dambord-basisblok",
            "sv-SE": "Chackbrädsblock",
            "ko-KR": "체스판 블록",
            "zh-CN": "西洋跳棋棋盘",
            "zh-TW": "西洋跳棋棋盤",
            "pt-BR": "Bloco Quadriculado",
            "cs-CZ": "Blok šachovnice",
            "ja-JP": "市松模様ブロック",
            "pl-PL": "Blok szachownicy",
            "ru-RU": "Шахматы"
        }
    }
}
