{
    "id": "rct2.suppleg2",
    "authors": ["Chris Sawyer", "Simon Foster"],
    "version": "1.0",
    "originalId": "0A188D81|SUPPLEG2|981FD895",
    "sourceGame": "rct2",
    "objectType": "scenery_small",
    "properties": {
        "price": 10,
        "removalPrice": -8,
        "cursor": "CURSOR_HOUSE_DOWN",
        "height": 8,
        "shape": "2/4",
        "SMALL_SCENERY_FLAG_VOFFSET_CENTRE": true,
        "isRotatable": true,
        "hasPrimaryColour": true,
        "isStackable": true,
        "hasNoSupports": true
    },
    "images": ["$RCT2:OBJDATA/SUPPLEG2.DAT[0..3]"],
    "strings": {
        "name": {
            "en-GB": "Pole",
            "fr-FR": "Mât",
            "de-DE": "Stange",
            "es-ES": "Polo",
            "it-IT": "Palo",
            "nl-NL": "Paal",
            "sv-SE": "Påle",
            "ko-KR": "막대기",
            "zh-CN": "柱子",
            "zh-TW": "柱子",
            "pt-BR": "Poste",
            "cs-CZ": "Tyč",
            "ja-JP": "ポール",
            "pl-PL": "Słup",
            "ru-RU": "Шест"
        }
    }
}
