{
    "id": "rct2.tbp",
    "authors": ["Chris Sawyer", "Simon Foster"],
    "version": "1.0",
    "originalId": "0A188D81|TBP     |F9A1A86B",
    "sourceGame": ["rct2", "rct1"],
    "objectType": "scenery_small",
    "properties": {
        "price": 20,
        "removalPrice": 10,
        "cursor": "CURSOR_TREE_DOWN",
        "height": 80,
        "isTree": true,
        "shape": "4/4"
    },
    "images": ["$RCT2:OBJDATA/TBP.DAT[0..3]"],
    "strings": {
        "name": {
            "en-GB": "Black Poplar Tree",
            "fr-FR": "Peuplier noir",
            "de-DE": "Schwarze Pappel",
            "es-ES": "Álamo negro",
            "it-IT": "Pioppo nero",
            "nl-NL": "Zwarte Populier",
            "sv-SE": "Svart poppel",
            "ko-KR": "흑양목",
            "zh-CN": "黯淡白杨树",
            "zh-TW": "黯淡白楊樹",
            "pt-BR": "Árvore Álamo-preto",
            "cs-CZ": "Topol",
            "ja-JP": "黒ポプラ",
            "pl-PL": "Czarna topola",
            "ru-RU": "Чёрный тополь"
        }
    }
}
