{
    "id": "rct2.fern1",
    "authors": ["Chris Sawyer", "Simon Foster"],
    "version": "1.0",
    "originalId": "0A188D81|FERN1   |B55204A3",
    "sourceGame": "rct2",
    "objectType": "scenery_small",
    "properties": {
        "price": 14,
        "removalPrice": -10,
        "cursor": "CURSOR_TREE_DOWN",
        "height": 32,
        "shape": "4/4",
        "isStackable": true
    },
    "images": ["$RCT2:OBJDATA/FERN1.DAT[0..3]"],
    "strings": {
        "name": {
            "en-GB": "Giant Fern",
            "fr-FR": "Fougère géante",
            "de-DE": "Gigantischer Farn",
            "es-ES": "Helecho gigante",
            "it-IT": "Felce gigante",
            "nl-NL": "Gigantische varen",
            "sv-SE": "Jätteormbunke",
            "ko-KR": "대형 양치식물",
            "zh-CN": "巨大的蕨",
            "zh-TW": "巨大的蕨",
            "pt-BR": "Samambaia Gigante",
            "ja-JP": "巨大シダ",
            "pl-PL": "Olbrzymia paproć",
            "ru-RU": "Куст"
        }
    }
}
