{
    "id": "rct2.hang1",
    "authors": ["Chris Sawyer", "Simon Foster"],
    "version": "1.0",
    "originalId": "0A188D81|HANG1   |1163E801",
    "sourceGame": "rct2",
    "objectType": "scenery_small",
    "properties": {
        "price": 18,
        "removalPrice": -12,
        "cursor": "CURSOR_STATUE_DOWN",
        "height": 40,
        "shape": "4/4",
        "SMALL_SCENERY_FLAG_VOFFSET_CENTRE": true,
        "requiresFlatSurface": true,
        "isRotatable": true,
        "isStackable": true
    },
    "images": ["$RCT2:OBJDATA/HANG1.DAT[0..3]"],
    "strings": {
        "name": {
            "en-GB": "Gallows",
            "fr-FR": "Potence",
            "de-DE": "Galgen",
            "es-ES": "Patíbulo",
            "it-IT": "Forche",
            "nl-NL": "Galgen",
            "sv-SE": "Galge",
            "ko-KR": "교수대",
            "zh-CN": "绞刑台",
            "zh-TW": "絞刑臺",
            "pt-BR": "Forca",
            "cs-CZ": "Gilotina",
            "ja-JP": "絞首台",
            "pl-PL": "Szubienica",
            "ru-RU": "Эшафот"
        }
    }
}
