{
    "id": "rct2.cwbcrv33",
    "authors": ["Chris Sawyer", "Simon Foster"],
    "version": "1.0",
    "originalId": "0A188D81|CWBCRV33|5FF3C135",
    "sourceGame": "rct2",
    "objectType": "scenery_small",
    "properties": {
        "price": 15,
        "removalPrice": -11,
        "cursor": "CURSOR_HOUSE_DOWN",
        "height": 8,
        "shape": "3/4+D",
        "SMALL_SCENERY_FLAG_VOFFSET_CENTRE": true,
        "requiresFlatSurface": true,
        "isRotatable": true,
        "isStackable": true,
        "prohibitWalls": true,
        "hasNoSupports": true
    },
    "images": ["$RCT2:OBJDATA/CWBCRV33.DAT[0..3]"],
    "strings": {
        "name": {
            "en-GB": "Curved Block",
            "fr-FR": "Bloc courbe",
            "de-DE": "Gebogener Block",
            "es-ES": "Tejado curvado",
            "it-IT": "Blocco curvo",
            "nl-NL": "Gebogen Blok",
            "sv-SE": "Böjt block",
            "ko-KR": "곡선형 블록",
            "zh-CN": "弯曲式积木",
            "zh-TW": "彎曲式積木",
            "pt-BR": "Bloco Curvo",
            "cs-CZ": "Zatočený blok",
            "ja-JP": "カーブしたブロック",
            "pl-PL": "Zakrzywiony blok",
            "ru-RU": "Кривой блок"
        }
    }
}
