{
    "id": "rct2.tdm",
    "authors": ["Chris Sawyer", "Simon Foster"],
    "version": "1.0",
    "originalId": "0A188D81|TDM     |B8125EC7",
    "sourceGame": ["rct2", "rct1"],
    "objectType": "scenery_small",
    "properties": {
        "price": 7,
        "removalPrice": 5,
        "cursor": "CURSOR_TREE_DOWN",
        "height": 32,
        "shape": "1/4",
        "SMALL_SCENERY_FLAG_VOFFSET_CENTRE": true,
        "isRotatable": true,
        "isStackable": true
    },
    "images": ["$RCT2:OBJDATA/TDM.DAT[0..3]"],
    "strings": {
        "name": {
            "en-GB": "Diamond Shaped Tree",
            "fr-FR": "Arbre diamant",
            "de-DE": "Karoförmiger Baum",
            "es-ES": "Árbol con forma de diamante",
            "it-IT": "Albero a forma di quadri",
            "nl-NL": "Ruitenboom",
            "sv-SE": "Diamantformat träd",
            "ko-KR": "다이아몬드 모양 나무",
            "zh-CN": "恐龙形状的树",
            "zh-TW": "恐龍形狀的樹",
            "pt-BR": "Árvore em Forma de Diamante",
            "cs-CZ": "Strom ve tvaru diamantu",
            "ja-JP": "ダイヤモンド型の木",
            "pl-PL": "Drzewko karowe",
            "ru-RU": "Ромбовое дерево"
        }
    }
}
