{
    "id": "rct2.tef",
    "authors": ["Chris Sawyer", "Simon Foster"],
    "version": "1.0",
    "originalId": "0A188D81|TEF     |0E3C9A27",
    "sourceGame": ["rct2", "rct1"],
    "objectType": "scenery_small",
    "properties": {
        "price": 55,
        "removalPrice": -50,
        "cursor": "CURSOR_FOUNTAIN_DOWN",
        "height": 80,
        "shape": "4/4",
        "SMALL_SCENERY_FLAG_VOFFSET_CENTRE": true,
        "requiresFlatSurface": true,
        "isRotatable": true,
        "isAnimated": true,
        "hasOverlayImage": true,
        "SMALL_SCENERY_FLAG_FOUNTAIN_SPRAY_1": true,
        "isStackable": true
    },
    "images": ["$RCT2:OBJDATA/TEF.DAT[0..19]"],
    "strings": {
        "name": {
            "en-GB": "Elephant Fountain",
            "fr-FR": "Fontaine éléphant",
            "de-DE": "Elefantenspringbrunnen",
            "es-ES": "Fuente elefante",
            "it-IT": "Fontana con elefanti",
            "nl-NL": "Olifantenfontein",
            "sv-SE": "Elefantfontän",
            "ko-KR": "코끼리 분수",
            "zh-CN": "大象喷水池",
            "zh-TW": "大象噴水池",
            "pt-BR": "Chafariz de Elefante",
            "cs-CZ": "Fontána slona",
            "ja-JP": "ゾウの噴水",
            "pl-PL": "Słoniowa fontanna",
            "ru-RU": "Фонтан"
        }
    }
}
