{
    "id": "rct2.tct2",
    "authors": ["Chris Sawyer", "Simon Foster"],
    "version": "1.0",
    "originalId": "0A188D81|TCT2    |21A44071",
    "sourceGame": ["rct2", "rct1"],
    "objectType": "scenery_small",
    "properties": {
        "price": 38,
        "removalPrice": -32,
        "cursor": "CURSOR_HOUSE_DOWN",
        "height": 108,
        "shape": "4/4",
        "SMALL_SCENERY_FLAG_VOFFSET_CENTRE": true,
        "isRotatable": true,
        "isStackable": true
    },
    "images": ["$RCT2:OBJDATA/TCT2.DAT[0..3]"],
    "strings": {
        "name": {
            "en-GB": "Castle Tower",
            "fr-FR": "Tour de château",
            "de-DE": "Burgturm",
            "es-ES": "Torre del castillo",
            "it-IT": "Torre del castello",
            "nl-NL": "Kasteeltoren",
            "sv-SE": "Slottstorn",
            "ko-KR": "성 탑",
            "zh-CN": "城楼",
            "zh-TW": "城樓",
            "pt-BR": "Torre de Castelo",
            "cs-CZ": "Hradní věž",
            "ja-JP": "城の塔",
            "pl-PL": "Wieża zamkowa",
            "ru-RU": "Башня замка"
        }
    }
}
