{
    "id": "rct2.tac",
    "authors": ["Chris Sawyer", "Simon Foster"],
    "version": "1.0",
    "originalId": "0A188D81|TAC     |B963B9BB",
    "sourceGame": ["rct2", "rct1"],
    "objectType": "scenery_small",
    "properties": {
        "price": 20,
        "removalPrice": 10,
        "cursor": "CURSOR_TREE_DOWN",
        "height": 112,
        "isTree": true,
        "shape": "1/4",
        "SMALL_SCENERY_FLAG_VOFFSET_CENTRE": true
    },
    "images": ["$RCT2:OBJDATA/TAC.DAT[0..3]"],
    "strings": {
        "name": {
            "en-GB": "Arizona Cypress Tree",
            "fr-FR": "Cyprès",
            "de-DE": "Arizona-Zypressenbaum",
            "es-ES": "Ciprés de Arizona",
            "it-IT": "Cipresso dell'Arizona",
            "nl-NL": "Cipres uit Arizona",
            "sv-SE": "Arizona-cypress",
            "ko-KR": "애리조나삼목",
            "zh-CN": "亚利桑那柏树",
            "zh-TW": "亞利桑那柏樹",
            "pt-BR": "Árvore Cipreste-do-Arizona",
            "cs-CZ": "Cypřiš",
            "ja-JP": "アリゾナ糸杉",
            "pl-PL": "Arizoński cyprys",
            "ru-RU": "Аризонский Кипарис"
        }
    }
}
