{
    "id": "rct2.tg12",
    "authors": ["Chris Sawyer", "Simon Foster"],
    "version": "1.0",
    "originalId": "0A188E81|TG12    |5E6A8BB5",
    "sourceGame": ["rct2", "rct1"],
    "objectType": "scenery_small",
    "properties": {
        "price": 13,
        "removalPrice": 5,
        "cursor": "CURSOR_FLOWER_DOWN",
        "height": 8,
        "shape": "4/4",
        "SMALL_SCENERY_FLAG_VOFFSET_CENTRE": true,
        "requiresFlatSurface": true,
        "canWither": true,
        "canBeWatered": true,
        "isStackable": true
    },
    "images": ["$RCT2:OBJDATA/TG12.DAT[0..11]"],
    "strings": {
        "name": {
            "en-GB": "Gardens",
            "fr-FR": "Jardins",
            "de-DE": "Beete",
            "es-ES": "Jardines",
            "it-IT": "Giardini",
            "nl-NL": "Bloemen",
            "sv-SE": "Rabatter",
            "ko-KR": "꽃",
            "zh-CN": "花园",
            "zh-TW": "花園",
            "pt-BR": "Jardins",
            "cs-CZ": "Zahrady",
            "ja-JP": "花壇",
            "pl-PL": "Klomb",
            "ru-RU": "Клумба"
        }
    }
}
