{
    "id": "rct2.sktdw",
    "authors": ["Chris Sawyer", "Simon Foster"],
    "version": "1.0",
    "originalId": "0A188D81|SKTDW   |8646CF45",
    "sourceGame": "rct2",
    "objectType": "scenery_small",
    "properties": {
        "price": 18,
        "removalPrice": -13,
        "cursor": "CURSOR_HOUSE_DOWN",
        "height": 32,
        "shape": "4/4+D",
        "SMALL_SCENERY_FLAG_VOFFSET_CENTRE": true,
        "requiresFlatSurface": true,
        "isRotatable": true,
        "hasPrimaryColour": true,
        "isStackable": true,
        "prohibitWalls": true,
        "hasSecondaryColour": true,
        "hasNoSupports": true
    },
    "images": ["$RCT2:OBJDATA/SKTDW.DAT[0..3]"],
    "strings": {
        "name": {
            "en-GB": "Wall",
            "fr-FR": "Mur",
            "de-DE": "Wand",
            "es-ES": "Pared",
            "it-IT": "Muro",
            "nl-NL": "Muur",
            "sv-SE": "Mur",
            "ko-KR": "벽",
            "zh-CN": "墙",
            "zh-TW": "牆",
            "pt-BR": "Parede",
            "cs-CZ": "Stěna",
            "ja-JP": "壁",
            "pl-PL": "Ściana",
            "ru-RU": "Блок"
        }
    }
}
