{
    "id": "rct2.brbase",
    "authors": ["Chris Sawyer", "Simon Foster"],
    "version": "1.0",
    "originalId": "0A188C81|BRBASE  |45953B1B",
    "sourceGame": "rct2",
    "objectType": "scenery_small",
    "properties": {
        "price": 20,
        "removalPrice": -15,
        "cursor": "CURSOR_HOUSE_DOWN",
        "height": 8,
        "shape": "4/4",
        "SMALL_SCENERY_FLAG_VOFFSET_CENTRE": true,
        "requiresFlatSurface": true,
        "isRotatable": true,
        "hasPrimaryColour": true,
        "isStackable": true,
        "prohibitWalls": true,
        "hasNoSupports": true,
        "allowSupportsAbove": true
    },
    "images": ["$RCT2:OBJDATA/BRBASE.DAT[0..3]"],
    "strings": {
        "name": {
            "en-GB": "Base Block",
            "fr-FR": "Bloc de base",
            "de-DE": "Basisblock",
            "es-ES": "Bloque de base",
            "it-IT": "Base",
            "nl-NL": "Basisblok",
            "sv-SE": "Grundblock",
            "ko-KR": "기본 블록",
            "zh-CN": "垒包",
            "zh-TW": "壘包",
            "pt-BR": "Bloco de Base",
            "cs-CZ": "Základní blok",
            "ja-JP": "ベースブロック",
            "pl-PL": "Blok podstawy",
            "ru-RU": "База"
        }
    }
}
