{
    "id": "rct2.cwbcrv32",
    "authors": ["Chris Sawyer", "Simon Foster"],
    "version": "1.0",
    "originalId": "0A188D81|CWBCRV32|21DC0DEA",
    "sourceGame": "rct2",
    "objectType": "scenery_small",
    "properties": {
        "price": 18,
        "removalPrice": -13,
        "cursor": "CURSOR_HOUSE_DOWN",
        "height": 32,
        "shape": "4/4+D",
        "SMALL_SCENERY_FLAG_VOFFSET_CENTRE": true,
        "requiresFlatSurface": true,
        "isRotatable": true,
        "isStackable": true,
        "prohibitWalls": true,
        "hasNoSupports": true
    },
    "images": ["$RCT2:OBJDATA/CWBCRV32.DAT[0..3]"],
    "strings": {
        "name": {
            "en-GB": "Curved Wall",
            "fr-FR": "Mur courbe",
            "de-DE": "Gebogene Wand",
            "es-ES": "Pared curvada",
            "it-IT": "Muro curvo",
            "nl-NL": "Gebogen muur",
            "sv-SE": "Krökt mur",
            "ko-KR": "곡선형 벽",
            "zh-CN": "弯曲状墙",
            "zh-TW": "彎曲狀牆",
            "pt-BR": "Muro Curvo",
            "cs-CZ": "Zatočená stěna",
            "ja-JP": "カーブした壁",
            "pl-PL": "Zakrzywiona ściana",
            "ru-RU": "Стена"
        }
    }
}
