{
    "id": "rct2.pipe8",
    "authors": ["Chris Sawyer", "Simon Foster"],
    "version": "1.0",
    "originalId": "0A188D81|PIPE8   |79FBC810",
    "sourceGame": "rct2",
    "objectType": "scenery_small",
    "properties": {
        "price": 10,
        "removalPrice": -7,
        "cursor": "CURSOR_STATUE_DOWN",
        "height": 8,
        "shape": "1/4",
        "SMALL_SCENERY_FLAG_VOFFSET_CENTRE": true,
        "hasPrimaryColour": true,
        "isStackable": true
    },
    "images": ["$RCT2:OBJDATA/PIPE8.DAT[0..3]"],
    "strings": {
        "name": {
            "en-GB": "Pipe Section",
            "fr-FR": "Section en forme de tube",
            "de-DE": "Rohrabschnitt",
            "es-ES": "Sección de tubería",
            "it-IT": "Sezione di tubo",
            "nl-NL": "Pijpgedeelte",
            "sv-SE": "Rörsektion",
            "ko-KR": "파이프 섹션",
            "zh-CN": "段落的水管",
            "zh-TW": "一段水管",
            "pt-BR": "Seção de Cano",
            "cs-CZ": "Část trubky",
            "ja-JP": "パイプ部分",
            "pl-PL": "Segment rury",
            "ru-RU": "Труба"
        }
    }
}
