{
    "id": "rct2.helmet1",
    "authors": ["Chris Sawyer", "Simon Foster"],
    "version": "1.0",
    "originalId": "0A188D81|HELMET1 |4AD98842",
    "sourceGame": "rct2",
    "objectType": "scenery_small",
    "properties": {
        "price": 18,
        "removalPrice": -12,
        "cursor": "CURSOR_STATUE_DOWN",
        "height": 32,
        "shape": "4/4",
        "SMALL_SCENERY_FLAG_VOFFSET_CENTRE": true,
        "isRotatable": true,
        "hasPrimaryColour": true,
        "isStackable": true,
        "hasSecondaryColour": true
    },
    "images": ["$RCT2:OBJDATA/HELMET1.DAT[0..3]"],
    "strings": {
        "name": {
            "en-GB": "American Football Helmet",
            "en-US": "Football Helmet",
            "fr-FR": "Casque de foot US",
            "de-DE": "American-Football-Helm",
            "es-ES": "Casco de fútbol americano",
            "it-IT": "Casco da football",
            "nl-NL": "Helm American football",
            "sv-SE": "Amerikansk fotbollshjälm",
            "ko-KR": "아메리칸 풋볼 헬멧",
            "zh-CN": "美式橄榄球头盔",
            "zh-TW": "美式橄欖球頭盔",
            "pt-BR": "Capacete de Futebol Americano",
            "cs-CZ": "Helma na americký fotbal",
            "ja-JP": "アメリカンフットボールヘルメット",
            "pl-PL": "Hełm do futbolu amerykańskiego",
            "ru-RU": "Футбольный шлем"
        }
    }
}
