{
    "id": "rct2.mallow2",
    "authors": ["Chris Sawyer", "Simon Foster"],
    "version": "1.0",
    "originalId": "0A188D81|MALLOW2 |4C58ADCB",
    "sourceGame": "rct2",
    "objectType": "scenery_small",
    "properties": {
        "price": 20,
        "removalPrice": -15,
        "cursor": "CURSOR_STATUE_DOWN",
        "height": 32,
        "shape": "4/4",
        "SMALL_SCENERY_FLAG_VOFFSET_CENTRE": true,
        "requiresFlatSurface": true,
        "hasPrimaryColour": true,
        "isStackable": true,
        "hasNoSupports": true,
        "allowSupportsAbove": true
    },
    "images": ["$RCT2:OBJDATA/MALLOW2.DAT[0..3]"],
    "strings": {
        "name": {
            "en-GB": "Marshmallow",
            "fr-FR": "Guimauve",
            "es-ES": "Bombón",
            "nl-NL": "Spekkie",
            "sv-SE": "Marshmallows",
            "ko-KR": "마시멜로",
            "zh-CN": "药用蜀葵",
            "zh-TW": "藥用蜀葵",
            "pt-BR": "Marshmallow",
            "cs-CZ": "Maršmeloun",
            "ja-JP": "マシュマロ",
            "pl-PL": "Słoninka",
            "ru-RU": "Мальва"
        }
    }
}
