{
    "id": "rct2.tct",
    "authors": ["Chris Sawyer", "Simon Foster"],
    "version": "1.0",
    "originalId": "0A188D81|TCT     |70765FAB",
    "sourceGame": ["rct2", "rct1"],
    "objectType": "scenery_small",
    "properties": {
        "price": 20,
        "removalPrice": 10,
        "cursor": "CURSOR_TREE_DOWN",
        "height": 80,
        "isTree": true,
        "shape": "4/4"
    },
    "images": ["$RCT2:OBJDATA/TCT.DAT[0..3]"],
    "strings": {
        "name": {
            "en-GB": "Cabbage Tree",
            "fr-FR": "Palmiste",
            "de-DE": "Rote Angelin",
            "es-ES": "Árbol repollo",
            "it-IT": "Albero dei cavoli",
            "nl-NL": "Koolpalm",
            "sv-SE": "Kålträd",
            "ko-KR": "캐비지 야자",
            "zh-CN": "甘蓝树",
            "zh-TW": "甘藍樹",
            "pt-BR": "Árvore Palmeira",
            "cs-CZ": "Zelný strom",
            "ja-JP": "食用ヤシ",
            "pl-PL": "Drzewo kapuściane",
            "ru-RU": "Дерево"
        }
    }
}
