{
    "id": "rct2.tjb3",
    "authors": ["Chris Sawyer", "Simon Foster"],
    "version": "1.0",
    "originalId": "0A188E81|TJB3    |97E97286",
    "sourceGame": ["rct2", "rct1aa"],
    "objectType": "scenery_small",
    "properties": {
        "price": 10,
        "removalPrice": 5,
        "cursor": "CURSOR_TREE_DOWN",
        "height": 48,
        "shape": "1/4"
    },
    "images": ["$RCT2:OBJDATA/TJB3.DAT[0..3]"],
    "strings": {
        "name": {
            "en-GB": "Bush",
            "fr-FR": "Buisson",
            "de-DE": "Busch",
            "es-ES": "Matorral",
            "it-IT": "Cespuglio",
            "nl-NL": "Struik",
            "sv-SE": "Buske",
            "ko-KR": "수풀",
            "zh-CN": "灌木",
            "zh-TW": "灌木",
            "pt-BR": "Arbusto",
            "cs-CZ": "Křoví",
            "ja-JP": "低木",
            "pl-PL": "Krzak",
            "ru-RU": "Куст"
        }
    }
}
