{
    "id": "rct2.tghc",
    "authors": ["Chris Sawyer", "Simon Foster"],
    "version": "1.0",
    "originalId": "0A188E81|TGHC    |6A94E2D8",
    "sourceGame": ["rct2", "rct1"],
    "objectType": "scenery_small",
    "properties": {
        "price": 18,
        "removalPrice": 10,
        "cursor": "CURSOR_TREE_DOWN",
        "height": 84,
        "isTree": true,
        "shape": "4/4"
    },
    "images": ["$RCT2:OBJDATA/TGHC.DAT[0..3]"],
    "strings": {
        "name": {
            "en-GB": "Golden Hinoki Cypress Tree",
            "fr-FR": "Cyprès doré d'Hinoki",
            "de-DE": "Goldene Hinoki-Zypresse",
            "es-ES": "Ciprés dorado Hinoki",
            "it-IT": "Cipresso d'oro di Hinoki",
            "nl-NL": "Gouden hinokicipres",
            "sv-SE": "Guld-Hinoki-cypress",
            "ko-KR": "골든 노송나무",
            "zh-CN": "黄金Hinoki扁柏树",
            "zh-TW": "黃金扁柏樹",
            "pt-BR": "Árvore Cipreste Hinoki Dourado",
            "cs-CZ": "Hinoki cypřiš",
            "ja-JP": "ゴールデンヒノキ",
            "pl-PL": "Złoty cyprys hinoki",
            "ru-RU": "Золотой кипарис"
        }
    }
}
