{
    "id": "rct2.tbr",
    "authors": ["Chris Sawyer", "Simon Foster"],
    "version": "1.0",
    "originalId": "0A188D81|TBR     |AEBAC51E",
    "sourceGame": ["rct2", "rct1"],
    "objectType": "scenery_small",
    "properties": {
        "price": 6,
        "removalPrice": 4,
        "cursor": "CURSOR_TREE_DOWN",
        "height": 20,
        "shape": "1/4",
        "isStackable": true
    },
    "images": ["$RCT2:OBJDATA/TBR.DAT[0..3]"],
    "strings": {
        "name": {
            "en-GB": "Bulrushes",
            "en-US": "Cattails",            
            "fr-FR": "Roseaux",
            "de-DE": "Rohrkolben",
            "es-ES": "Gladiolos",
            "it-IT": "Giunchi",
            "nl-NL": "Riet",
            "sv-SE": "Vass",
            "ko-KR": "부들",
            "zh-CN": "香蒲",
            "zh-TW": "香蒲",
            "pt-BR": "Junco",
            "ar-EG": "اعشاب البرك",
            "cs-CZ": "Rákos",
            "ja-JP": "ガマ",
            "pl-PL": "Sitowie",
            "ru-RU": "Камыш"
        }
    }
}
