{
    "id": "rct2.tas1",
    "authors": ["Chris Sawyer", "Simon Foster"],
    "version": "1.0",
    "originalId": "0A188D81|TAS1    |F2C5D8F1",
    "sourceGame": ["rct2", "rct1"],
    "objectType": "scenery_small",
    "properties": {
        "price": 14,
        "removalPrice": -5,
        "cursor": "CURSOR_TREE_DOWN",
        "height": 60,
        "shape": "4/4",
        "isStackable": true
    },
    "images": ["$RCT2:OBJDATA/TAS1.DAT[0..3]"],
    "strings": {
        "name": {
            "en-GB": "Candy Tree",
            "fr-FR": "Arbrabonbon",
            "de-DE": "Süßigkeitenbaum",
            "es-ES": "Árbol de caramelo",
            "it-IT": "Albero dei dolci",
            "nl-NL": "Snoepboom",
            "sv-SE": "Godisträd",
            "ko-KR": "사탕 나무",
            "zh-CN": "糖果树",
            "zh-TW": "糖果樹",
            "pt-BR": "Árvore de Doces",
            "cs-CZ": "Strom sladkostí",
            "ja-JP": "キャンディーツリー",
            "pl-PL": "Drzewo cukierkowe",
            "ru-RU": "Дерево"
        }
    }
}
