{
    "id": "rct2.brcrrf2",
    "authors": ["Chris Sawyer", "Simon Foster"],
    "version": "1.0",
    "originalId": "0A188C81|BRCRRF2 |97B746F9",
    "sourceGame": "rct2",
    "objectType": "scenery_small",
    "properties": {
        "price": 20,
        "removalPrice": -15,
        "cursor": "CURSOR_HOUSE_DOWN",
        "height": 8,
        "shape": "3/4+D",
        "SMALL_SCENERY_FLAG_VOFFSET_CENTRE": true,
        "requiresFlatSurface": true,
        "isRotatable": true,
        "hasPrimaryColour": true,
        "isStackable": true,
        "prohibitWalls": true,
        "hasNoSupports": true
    },
    "images": ["$RCT2:OBJDATA/BRCRRF2.DAT[0..3]"],
    "strings": {
        "name": {
            "en-GB": "Curved Roof",
            "fr-FR": "Toit courbe",
            "de-DE": "Gebogenes Dach",
            "es-ES": "Tejado curvado",
            "it-IT": "Tetto curvo",
            "nl-NL": "Gebogen dak",
            "sv-SE": "Böjt tak",
            "ko-KR": "곡선형 지붕",
            "zh-CN": "弯曲式屋顶",
            "zh-TW": "彎曲式屋頂",
            "pt-BR": "Teto Curvo",
            "cs-CZ": "Zatočená střecha",
            "ja-JP": "カーブした屋根",
            "pl-PL": "Zakrzywiony dach",
            "ru-RU": "Крыша"
        }
    }
}
