{
    "id": "rct2.ball4",
    "authors": ["Chris Sawyer", "Simon Foster"],
    "version": "1.0",
    "originalId": "0A188C81|BALL4   |85044EF8",
    "sourceGame": "rct2",
    "objectType": "scenery_small",
    "properties": {
        "price": 10,
        "removalPrice": -8,
        "cursor": "CURSOR_STATUE_DOWN",
        "height": 24,
        "shape": "1/4",
        "isStackable": true
    },
    "images": ["$RCT2:OBJDATA/BALL4.DAT[0..3]"],
    "strings": {
        "name": {
            "en-GB": "Tennis Ball",
            "fr-FR": "Balle de tennis",
            "de-DE": "Tennisball",
            "es-ES": "Pelota de tenis",
            "it-IT": "Palla da tennis",
            "nl-NL": "Tennisbal",
            "sv-SE": "Tennisboll",
            "ko-KR": "테니스 공",
            "zh-CN": "网球",
            "zh-TW": "網球",
            "pt-BR": "Bola de Tênis",
            "cs-CZ": "Tenisový míček",
            "ja-JP": "テニスボール",
            "pl-PL": "Piłka tenisowa",
            "ru-RU": "Мяч"
        }
    }
}
