{
    "id": "rct2.tge3",
    "authors": ["Chris Sawyer", "Simon Foster"],
    "version": "1.0",
    "originalId": "0A188E81|TGE3    |D6AD5DB7",
    "sourceGame": ["rct2", "rct1aa"],
    "objectType": "scenery_small",
    "properties": {
        "price": 16,
        "removalPrice": -14,
        "cursor": "CURSOR_STATUE_DOWN",
        "height": 40,
        "shape": "4/4",
        "SMALL_SCENERY_FLAG_VOFFSET_CENTRE": true,
        "requiresFlatSurface": true,
        "isRotatable": true,
        "hasGlass": true,
        "hasPrimaryColour": true,
        "isStackable": true,
        "prohibitWalls": true,
        "hasSecondaryColour": true
    },
    "images": ["$RCT2:OBJDATA/TGE3.DAT[0..7]"],
    "strings": {
        "name": {
            "en-GB": "Geometric Sculpture",
            "fr-FR": "Sculpture géométrique",
            "de-DE": "Geometrische Skulptur",
            "es-ES": "Escultura geométrica",
            "it-IT": "Scultura geometrica",
            "nl-NL": "Geometrisch beeld",
            "sv-SE": "Geometrisk skulptur",
            "ko-KR": "기하학적인 조형물",
            "zh-CN": "几何状的雕刻品",
            "zh-TW": "幾何狀的雕刻品",
            "pt-BR": "Escultura Geométrica",
            "cs-CZ": "Geometrická socha",
            "ja-JP": "幾何学的彫刻",
            "pl-PL": "Rzeţba geometryczna",
            "ru-RU": "Скульптура"
        }
    }
}
