{
    "id": "rct2.mment1",
    "authors": ["Chris Sawyer", "Simon Foster"],
    "version": "1.0",
    "originalId": "0A188D81|MMENT1  |2EFA1C67",
    "sourceGame": "rct2",
    "objectType": "scenery_small",
    "properties": {
        "price": 20,
        "removalPrice": -15,
        "cursor": "CURSOR_HOUSE_DOWN",
        "height": 16,
        "shape": "4/4",
        "SMALL_SCENERY_FLAG_VOFFSET_CENTRE": true,
        "requiresFlatSurface": true,
        "isRotatable": true,
        "hasPrimaryColour": true,
        "isStackable": true,
        "prohibitWalls": true,
        "hasNoSupports": true,
        "allowSupportsAbove": true
    },
    "images": ["$RCT2:OBJDATA/MMENT1.DAT[0..3]"],
    "strings": {
        "name": {
            "en-GB": "Ornamental Structure",
            "fr-FR": "Structure ornementale",
            "de-DE": "Zierkonstruktion",
            "es-ES": "Estructura ornamental",
            "it-IT": "Struttura ornamentale",
            "nl-NL": "Decoratief raamwerk",
            "sv-SE": "Prydnadsstruktur",
            "ko-KR": "장식용 구조물",
            "zh-CN": "装饰用结构",
            "zh-TW": "裝飾用結構",
            "pt-BR": "Estrutura Ornamental",
            "cs-CZ": "Ornament",
            "ja-JP": "装飾建造物",
            "pl-PL": "Obiekt dekoracyjny",
            "ru-RU": "Конструкция"
        }
    }
}
