{
    "id": "rct2.beanst1",
    "authors": ["Chris Sawyer", "Simon Foster"],
    "version": "1.0",
    "originalId": "0A188C81|BEANST1 |880BD4C7",
    "sourceGame": "rct2",
    "objectType": "scenery_small",
    "properties": {
        "price": 19,
        "removalPrice": -15,
        "cursor": "CURSOR_TREE_DOWN",
        "height": 48,
        "shape": "4/4",
        "isStackable": true
    },
    "images": ["$RCT2:OBJDATA/BEANST1.DAT[0..3]"],
    "strings": {
        "name": {
            "en-GB": "Giant Beanstalk",
            "fr-FR": "Haricot géant",
            "de-DE": "Riesiger Bohnenstengel",
            "es-ES": "Pedúnculo de judías",
            "it-IT": "Pianta di fagiolo gigante",
            "nl-NL": "Gigantische bonenstaak",
            "sv-SE": "Jättebönstjälk",
            "ko-KR": "대형 강낭콩 줄기",
            "zh-CN": "巨大的豆茎",
            "zh-TW": "巨大的豆莖",
            "pt-BR": "Pé de Feijão Gigante",
            "cs-CZ": "Obrovský stonek",
            "ja-JP": "巨大豆",
            "pl-PL": "Łodyga olbrzymiej fasoli",
            "ru-RU": "Стебель"
        }
    }
}
