{
    "id": "rct2.stlbaset",
    "authors": ["Chris Sawyer", "Simon Foster"],
    "version": "1.0",
    "originalId": "0A188D81|STLBASET|7C39986A",
    "sourceGame": "rct2",
    "objectType": "scenery_small",
    "properties": {
        "price": 14,
        "removalPrice": -10,
        "cursor": "CURSOR_HOUSE_DOWN",
        "height": 8,
        "sceneryGroup": "SCGWALLS",
        "shape": "3/4+D",
        "SMALL_SCENERY_FLAG_VOFFSET_CENTRE": true,
        "requiresFlatSurface": true,
        "isRotatable": true,
        "hasPrimaryColour": true,
        "isStackable": true,
        "prohibitWalls": true,
        "hasNoSupports": true
    },
    "images": ["$RCT2:OBJDATA/STLBASET.DAT[0..3]"],
    "strings": {
        "name": {
            "en-GB": "Steel Block",
            "fr-FR": "Bloc métallique",
            "de-DE": "Stahlblock",
            "es-ES": "Bloque de acero",
            "it-IT": "Blocco d'acciaio",
            "nl-NL": "Stalen blok",
            "sv-SE": "Stålblock",
            "ko-KR": "강철 블록",
            "zh-CN": "钢铁墙",
            "zh-TW": "鋼鐵牆",
            "pt-BR": "Bloco de Aço",
            "cs-CZ": "Ocelový blok",
            "ja-JP": "スチールブロック",
            "pl-PL": "Stalowy blok",
            "ru-RU": "Блок"
        }
    }
}
