{
    "id": "rct2.th1",
    "authors": ["Chris Sawyer", "Simon Foster"],
    "version": "1.0",
    "originalId": "0A188E81|TH1     |004921BB",
    "sourceGame": ["rct2", "rct1"],
    "objectType": "scenery_small",
    "properties": {
        "price": 18,
        "removalPrice": 10,
        "cursor": "CURSOR_TREE_DOWN",
        "height": 76,
        "isTree": true,
        "shape": "4/4"
    },
    "images": ["$RCT2:OBJDATA/TH1.DAT[0..3]"],
    "strings": {
        "name": {
            "en-GB": "Canary Palm Tree",
            "fr-FR": "Palmier des Canaries",
            "de-DE": "Kanarische Palme",
            "es-ES": "Palmera canaria",
            "it-IT": "Palma delle Canarie",
            "nl-NL": "Canarische dadelpalm",
            "sv-SE": "Kanariepalm",
            "ko-KR": "카나리아 야자수",
            "zh-CN": "加那利岛棕榈树",
            "zh-TW": "加那利島棕櫚樹",
            "pt-BR": "Árvore Palmeira-das-Canárias",
            "cs-CZ": "Palma",
            "ja-JP": "カナリアヤシの木",
            "pl-PL": "Palma kanaryjska",
            "ru-RU": "Канарская пальма"
        }
    }
}
