{
    "id": "rct2.roof13",
    "authors": ["Chris Sawyer", "Simon Foster"],
    "version": "1.0",
    "originalId": "0A188D81|ROOF13  |4B2800E0",
    "sourceGame": "rct2",
    "objectType": "scenery_small",
    "properties": {
        "price": 20,
        "removalPrice": -15,
        "cursor": "CURSOR_HOUSE_DOWN",
        "height": 8,
        "sceneryGroup": "SCGWALLS",
        "shape": "4/4",
        "SMALL_SCENERY_FLAG_VOFFSET_CENTRE": true,
        "requiresFlatSurface": true,
        "isRotatable": true,
        "hasPrimaryColour": true,
        "isStackable": true,
        "prohibitWalls": true,
        "hasNoSupports": true
    },
    "images": ["$RCT2:OBJDATA/ROOF13.DAT[0..3]"],
    "strings": {
        "name": {
            "en-GB": "Roof",
            "fr-FR": "Toit",
            "de-DE": "Dach",
            "es-ES": "Tejado",
            "it-IT": "Tetto",
            "nl-NL": "Dak",
            "sv-SE": "Tak",
            "ko-KR": "천장",
            "zh-CN": "屋顶",
            "zh-TW": "屋頂",
            "pt-BR": "Teto",
            "cs-CZ": "Střecha",
            "ja-JP": "屋根",
            "pl-PL": "Dach",
            "ru-RU": "Блок"
        }
    }
}
