{
    "id": "rct2.mallow1",
    "authors": ["Chris Sawyer", "Simon Foster"],
    "version": "1.0",
    "originalId": "0A188D81|MALLOW1 |F1870635",
    "sourceGame": "rct2",
    "objectType": "scenery_small",
    "properties": {
        "price": 15,
        "removalPrice": -11,
        "cursor": "CURSOR_STATUE_DOWN",
        "height": 48,
        "shape": "1/4",
        "isRotatable": true,
        "hasPrimaryColour": true,
        "isStackable": true,
        "hasNoSupports": true
    },
    "images": ["$RCT2:OBJDATA/MALLOW1.DAT[0..3]"],
    "strings": {
        "name": {
            "en-GB": "Marshmallow",
            "fr-FR": "Guimauve",
            "es-ES": "Malvavisco",
            "nl-NL": "Spekkie",
            "sv-SE": "Marshmallows",
            "ko-KR": "마시멜로",
            "zh-CN": "药用蜀葵",
            "zh-TW": "藥用蜀葵",
            "pt-BR": "Marshmallow",
            "cs-CZ": "Maršmeloun",
            "ja-JP": "マシュマロ",
            "pl-PL": "Słoninka",
            "ru-RU": "Мальва"
        }
    }
}
