{
    "id": "rct2.tgs",
    "authors": ["Chris Sawyer", "Simon Foster"],
    "version": "1.0",
    "originalId": "0A188E81|TGS     |87C4927F",
    "sourceGame": ["rct2", "rct1"],
    "objectType": "scenery_small",
    "properties": {
        "price": 12,
        "removalPrice": -10,
        "cursor": "CURSOR_STATUE_DOWN",
        "height": 80,
        "shape": "4/4",
        "requiresFlatSurface": true,
        "isRotatable": true,
        "isStackable": true
    },
    "images": ["$RCT2:OBJDATA/TGS.DAT[0..3]"],
    "strings": {
        "name": {
            "en-GB": "Giraffe Statue",
            "fr-FR": "Statue de girafe",
            "de-DE": "Giraffenstatue",
            "es-ES": "Estatua jirafa",
            "it-IT": "Statua della giraffa",
            "nl-NL": "Giraffenstandbeeld",
            "sv-SE": "Giraffstaty",
            "ko-KR": "기린 동상",
            "zh-CN": "Giraffe Statue长颈鹿雕像",
            "zh-TW": "長頸鹿雕像",
            "pt-BR": "Estátua de Girafa",
            "cs-CZ": "Socha žirafy",
            "ja-JP": "キリンの像",
            "pl-PL": "Posąg żyrafy",
            "ru-RU": "Жираф"
        }
    }
}
