{
    "id": "rct2.tbr1",
    "authors": ["Chris Sawyer", "Simon Foster"],
    "version": "1.0",
    "originalId": "0A188D81|TBR1    |50613B7A",
    "sourceGame": ["rct2", "rct1"],
    "objectType": "scenery_small",
    "properties": {
        "price": 4,
        "removalPrice": -3,
        "cursor": "CURSOR_HOUSE_DOWN",
        "height": 12,
        "shape": "1/4",
        "isStackable": true
    },
    "images": ["$RCT2:OBJDATA/TBR1.DAT[0..3]"],
    "strings": {
        "name": {
            "en-GB": "Barrel",
            "fr-FR": "Tonneau",
            "de-DE": "Fass",
            "es-ES": "Tonel",
            "it-IT": "Barile",
            "nl-NL": "Vat",
            "sv-SE": "Tunna",
            "ko-KR": "통",
            "zh-CN": "桶",
            "zh-TW": "桶",
            "pt-BR": "Barril",
            "cs-CZ": "Barel",
            "ja-JP": "樽",
            "pl-PL": "Beczułka",
            "ru-RU": "Бочка"
        }
    }
}
