{
    "id": "rct2.tcrp",
    "authors": ["Chris Sawyer", "Simon Foster"],
    "version": "1.0",
    "originalId": "0A188D81|TCRP    |FC2E6748",
    "sourceGame": ["rct2", "rct1"],
    "objectType": "scenery_small",
    "properties": {
        "price": 30,
        "removalPrice": 15,
        "cursor": "CURSOR_TREE_DOWN",
        "height": 132,
        "isTree": true,
        "shape": "4/4"
    },
    "images": ["$RCT2:OBJDATA/TCRP.DAT[0..3]"],
    "strings": {
        "name": {
            "en-GB": "Corsican Pine Tree",
            "fr-FR": "Pin corse",
            "de-DE": "Korsische Kiefer",
            "es-ES": "Pino de Córcega",
            "it-IT": "Pino corso",
            "nl-NL": "Corsicaanse den",
            "sv-SE": "Korsikansk tall",
            "ko-KR": "코르시카 소나무",
            "zh-CN": "松树",
            "zh-TW": "松樹",
            "pt-BR": "Árvore Pinheiro-Corso",
            "cs-CZ": "Borovice",
            "ja-JP": "コルシカ松",
            "pl-PL": "Korsykańska sosna",
            "ru-RU": "Сосна"
        }
    }
}
