{
    "id": "rct2.qtv1",
    "authors": ["Chris Sawyer", "Simon Foster"],
    "version": "1.0",
    "originalId": "0A188786|QTV1    |5703406F",
    "sourceGame": "rct2",
    "objectType": "footpath_item",
    "properties": {
        "isTelevision": true,
        "isAllowedOnQueue": true,
        "isAllowedOnSlope": true,
        "renderAs": "lamp",
        "cursor": "CURSOR_TREE_DOWN",
        "price": 150
    },
    "images": ["$RCT2:OBJDATA/QTV1.DAT[0..4]"],
    "strings": {
        "name": {
            "en-GB": "Queue Line TV",
            "fr-FR": "Télé file d'attente",
            "de-DE": "Warteschlangen-TV",
            "es-ES": "TV zona de espera",
            "it-IT": "Canale TV in attesa",
            "nl-NL": "Wachtrij-tv",
            "sv-SE": "Kö-TV",
            "ko-KR": "대기줄 TV",
            "zh-CN": "等待区电视",
            "zh-TW": "等待區電視",
            "pt-BR": "Área de Fila da TV",
            "cs-CZ": "TV ve frontě",
            "ja-JP": "行列テレビ",
            "pl-PL": "Telewizor kolejkowy",
            "ru-RU": "ТВ Вывеска",
            "ar-EG": "طابور إنتظار التلفزيون"
        }
    }
}
