{
    "id": "rct2.lamppir",
    "authors": ["Chris Sawyer", "Simon Foster"],
    "version": "1.0",
    "originalId": "0A188786|LAMPPIR |D3569701",
    "sourceGame": "rct2",
    "objectType": "footpath_item",
    "properties": {
        "isLamp": true,
        "isBreakable": true,
        "isAllowedOnQueue": true,
        "isAllowedOnSlope": true,
        "renderAs": "lamp",
        "cursor": "CURSOR_LAMPPOST_DOWN",
        "price": 60,
        "sceneryGroup": "SCGPATHX"
    },
    "images": ["$RCT2:OBJDATA/LAMPPIR.DAT[0..8]"],
    "strings": {
        "name": {
            "en-GB": "Lamp",
            "fr-FR": "Lampadaire",
            "de-DE": "Lampe",
            "es-ES": "Lámpara",
            "it-IT": "Lampione",
            "sv-SE": "Lampa",
            "ko-KR": "가로등",
            "zh-CN": "灯",
            "zh-TW": "燈",
            "pt-BR": "Poste de Luz",
            "cs-CZ": "Lampa",
            "ja-JP": "ランプ",
            "pl-PL": "Lampa",
            "ru-RU": "Фонарь",
            "ar-EG": "مصباح"
        }
    }
}
