{
    "id": "rct2.scgmine",
    "authors": ["Chris Sawyer", "Simon Foster"],
    "version": "1.0",
    "originalId": "0A188F87|SCGMINE |BAA04D4E",
    "sourceGame": ["rct2", "rct1"],
    "objectType": "scenery_group",
    "properties": {
        "entries": [
            "SMH1",
            "SMH2",
            "SMN1",
            "TBW",
            "TBR1",
            "TBR2",
            "TML",
            "TMW",
            "TBR3",
            "TBR4",
            "TMJ",
            "BN5",
            "WALLWD8",
            "WALLWD16",
            "WALLWD32",
            "WALLWD33",
            "WALLMN32",
            "WDBASE",
            "MINROOF1",
            "ROOF13",
            "LITTERMN"
        ],
        "priority": 28
    },
    "images": ["$RCT2:OBJDATA/SCGMINE.DAT[0..1]"],
    "strings": {
        "name": {
            "en-GB": "Mine Themeing",
            "fr-FR": "Thème Minier",
            "de-DE": "Bergwerksthema",
            "es-ES": "Temática minera",
            "it-IT": "Tema miniera",
            "nl-NL": "Mijnthema",
            "sv-SE": "Gruv-tema",
            "ko-KR": "광산 테마",
            "zh-CN": "小人国",
            "zh-TW": "小人國",
            "pt-BR": "Temática de Mina",
            "cs-CZ": "Důlní kulisy",
            "ja-JP": "鉱山風のテーマ",
            "pl-PL": "Wystrój górniczy",
            "ru-RU": "Рудник"
        }
    }
}
