{
    "id": "rct2.scgwwest",
    "authors": ["Chris Sawyer", "Simon Foster"],
    "version": "1.0",
    "originalId": "0A188F87|SCGWWEST|6662A7E9",
    "sourceGame": "rct2",
    "objectType": "scenery_group",
    "properties": {
        "entries": [
            "WAG1",
            "WAG2",
            "WALLWDPS",
            "GENSTORE",
            "SALOON",
            "WWBANK",
            "HANG1",
            "TOTEM1",
            "TEEPEE1",
            "LITTERWW"
        ],
        "priority": 38,
        "entertainerCostumes": [
            "bandit",
            "sheriff"
        ]
    },
    "images": ["$RCT2:OBJDATA/SCGWWEST.DAT[0..1]"],
    "strings": {
        "name": {
            "en-GB": "Wild West Themeing",
            "fr-FR": "Thème Western",
            "de-DE": "Wildwest-Thema",
            "es-ES": "Temática salvaje oeste",
            "it-IT": "Tema far west",
            "nl-NL": "Wildwestthema",
            "sv-SE": "Vilda västern-tema",
            "ko-KR": "황량한 서부 테마",
            "zh-CN": "西部荒野主题区",
            "zh-TW": "西部荒野主題區",
            "pt-BR": "Temática do Velho Oeste",
            "cs-CZ": "Kulisy divokého západu",
            "ja-JP": "大西部風テーマ",
            "pl-PL": "Wystrój Dzikiego Zachodu",
            "ru-RU": "Дикий Запад"
        }
    }
}
