{
    "id": "rct2.scgtrees",
    "authors": ["Chris Sawyer", "Simon Foster"],
    "version": "1.0",
    "originalId": "0A188F87|SCGTREES|0F97D95F",
    "sourceGame": ["rct2", "rct1"],
    "objectType": "scenery_group",
    "properties": {
        "entries": [
            "TIC",
            "TLC",
            "TMC",
            "TMP",
            "TITC",
            "TGHC",
            "TAC",
            "TGHC2",
            "TCJ",
            "TMBJ",
            "TCF",
            "TCL",
            "TRF",
            "TRF2",
            "TEL",
            "TAP",
            "TSP",
            "TMZP",
            "TCRP",
            "TBP",
            "TLP",
            "TWP",
            "TAS",
            "TMG",
            "TWW",
            "TSB",
            "TVL",
            "TCY",
            "TNS",
            "TWN",
            "TCE",
            "TCO",
            "THL",
            "TCC",
            "TF1",
            "TF2",
            "TCT",
            "TH1",
            "TH2",
            "TPM",
            "TROPT1"
        ],
        "priority": 1,
        "entertainerCostumes": [
            "panda",
            "tiger",
            "elephant"
        ]
    },
    "images": ["$RCT2:OBJDATA/SCGTREES.DAT[0..1]"],
    "strings": {
        "name": {
            "en-GB": "Trees",
            "fr-FR": "Arbres",
            "de-DE": "Bäume",
            "es-ES": "Árboles",
            "it-IT": "Alberi",
            "nl-NL": "Bomen",
            "sv-SE": "Träd",
            "ko-KR": "나무",
            "zh-CN": "树",
            "zh-TW": "樹",
            "pt-BR": "Árvores",
            "cs-CZ": "Stromy",
            "ja-JP": "木",
            "pl-PL": "Drzewa",
            "ru-RU": "Деревья"
        }
    }
}
