{
    "id": "rct2.scgshrub",
    "authors": ["Chris Sawyer", "Simon Foster"],
    "version": "1.0",
    "originalId": "0A188F87|SCGSHRUB|B460E84D",
    "sourceGame": ["rct2", "rct1"],
    "objectType": "scenery_group",
    "properties": {
        "entries": [
            "TS0",
            "TS1",
            "TS2",
            "TS3",
            "TS4",
            "TS5",
            "TS6",
            "TEF",
            "TAL",
            "TSQ",
            "THT",
            "TCB",
            "TDM",
            "TSD",
            "TORN1",
            "TORN2",
            "TGS",
            "TUS",
            "TBC",
            "TSC",
            "TWF",
            "TSH0",
            "TSH1",
            "TSH2",
            "TSH3",
            "TSH4",
            "TSH5",
            "TDF",
            "TSH",
            "THRS",
            "TSTD",
            "TBR",
            "TTF",
            "WHG",
            "WHGG",
            "WCH",
            "WCHG"
        ],
        "priority": 2
    },
    "images": ["$RCT2:OBJDATA/SCGSHRUB.DAT[0..1]"],
    "strings": {
        "name": {
            "en-GB": "Shrubs and Ornaments",
            "fr-FR": "Arbustes et décorations",
            "de-DE": "Sträucher und Verzierungen",
            "es-ES": "Arbustos y ornamentos",
            "it-IT": "Arbusti e ornamenti",
            "nl-NL": "Struiken en ornamenten",
            "sv-SE": "Buskar och prydnader",
            "ko-KR": "관목과 장식품",
            "zh-CN": "灌木及装饰品",
            "zh-TW": "灌木及裝飾品",
            "pt-BR": "Arbustos e Ornamentos",
            "cs-CZ": "Keře a ornamenty",
            "ja-JP": "低木と装飾品",
            "pl-PL": "Krzewy i dekoracje",
            "ru-RU": "Кусты и Орнаменты"
        }
    }
}
