{
    "id": "rct2.scggardn",
    "authors": ["Chris Sawyer", "Simon Foster"],
    "version": "1.0",
    "originalId": "0A188F87|SCGGARDN|ABF34676",
    "sourceGame": ["rct2", "rct1"],
    "objectType": "scenery_group",
    "properties": {
        "entries": [
            "TCK",
            "TG1",
            "TG2",
            "TG3",
            "TG4",
            "TG5",
            "TG6",
            "TG7",
            "TG8",
            "TG9",
            "TG10",
            "TG11",
            "TG12",
            "TG13",
            "TG14",
            "TG15",
            "TG16",
            "TG17",
            "TG18",
            "TG19",
            "TG20",
            "TG21"
        ],
        "priority": 3
    },
    "images": ["$RCT2:OBJDATA/SCGGARDN.DAT[0..1]"],
    "strings": {
        "name": {
            "en-GB": "Gardens",
            "fr-FR": "Jardins",
            "de-DE": "Beete",
            "es-ES": "Jardines",
            "it-IT": "Giardini",
            "nl-NL": "Bloemen",
            "sv-SE": "Rabatter",
            "ko-KR": "정원",
            "zh-CN": "花园",
            "zh-TW": "花園",
            "pt-BR": "Jardins",
            "cs-CZ": "Zahrady",
            "ja-JP": "花壇",
            "pl-PL": "Ogrody",
            "ru-RU": "Клумба"
        }
    }
}
