{
    "id": "rct2.scgindus",
    "authors": ["Chris Sawyer", "Simon Foster"],
    "version": "1.0",
    "originalId": "0A188F87|SCGINDUS|AF56998E",
    "sourceGame": "rct2",
    "objectType": "scenery_group",
    "properties": {
        "entries": [
            "COG1",
            "COG1R",
            "COG1U",
            "COG1UR",
            "COG2",
            "COG2R",
            "COG2U",
            "COG2UR",
            "FIRE1",
            "PIPE8",
            "PIPE32",
            "PIPE32J",
            "WALLST8",
            "WALLST16",
            "WALLSTWN",
            "WALLST32",
            "STBASE",
            "STLDW",
            "STLDW2",
            "STLBASET",
            "WALLSC16",
            "WALLSTFN"
        ],
        "priority": 35
    },
    "images": ["$RCT2:OBJDATA/SCGINDUS.DAT[0..1]"],
    "strings": {
        "name": {
            "en-GB": "Mechanical Themeing",
            "fr-FR": "Thème Mécanique",
            "de-DE": "Maschinenthema",
            "es-ES": "Temática mecánica",
            "it-IT": "Tema meccanico",
            "nl-NL": "Mechanisch thema",
            "sv-SE": "Mekaniktema",
            "ko-KR": "기계 테마",
            "zh-CN": "机械主题区",
            "zh-TW": "機械主題區",
            "pt-BR": "Temática Mecânica",
            "cs-CZ": "Mechanické kulisy",
            "ja-JP": "機械風のテーマ",
            "pl-PL": "Wystrój mechaniczny",
            "ru-RU": "Техника"
        }
    }
}
