{
    "id": "rct2.scgwater",
    "authors": ["Chris Sawyer", "Simon Foster"],
    "version": "1.0",
    "originalId": "0A188F87|SCGWATER|60E74521",
    "sourceGame": "rct2",
    "objectType": "scenery_group",
    "properties": {
        "entries": [
            "WALLWF32",
            "WHORIZ",
            "JUMPFNT1",
            "WSPOUT",
            "ICECUBE",
            "WDIAG"
        ],
        "priority": 37
    },
    "images": ["$RCT2:OBJDATA/SCGWATER.DAT[0..1]"],
    "strings": {
        "name": {
            "en-GB": "Water Feature Themeing",
            "fr-FR": "Thème Aquatique",
            "de-DE": "Wasserthema",
            "es-ES": "Temática acuática",
            "it-IT": "Tema acquatico",
            "nl-NL": "Waterthema",
            "sv-SE": "Vattentema",
            "ko-KR": "인공 폭포 테마",
            "zh-CN": "水世界",
            "zh-TW": "水世界",
            "pt-BR": "Temática Aquática",
            "cs-CZ": "Vodní kulisy",
            "ja-JP": "水を使用したテーマ",
            "pl-PL": "Wystrój wodny",
            "ru-RU": "Водная Тема"
        }
    }
}
