{
    "id": "rct2.scgwalls",
    "authors": ["Chris Sawyer", "Simon Foster"],
    "version": "1.0",
    "originalId": "0A188F87|SCGWALLS|D5927415",
    "sourceGame": "rct2",
    "objectType": "scenery_group",
    "properties": {
        "entries": [
            "WBR1A",
            "WBR2A",
            "WALLBB34",
            "WALLTN32",
            "TNTROOF1",
            "WALLBB33",
            "WALLBB32",
            "WALLBB16",
            "WALLBB8",
            "ROOF5",
            "ROOF7",
            "WALLRS32",
            "WALLRS16",
            "WALLRS8",
            "WALLBR32",
            "WALLBR16",
            "WALLBR8",
            "WALLBRDR",
            "WALLBRWN",
            "BRBASE",
            "ROOF1",
            "ROOF2",
            "ROOF3",
            "ROOF4",
            "WALLCB32",
            "WALLCB16",
            "WALLCB8",
            "WALLCBDR",
            "WALLCBWN",
            "BRBASE2",
            "CWBCRV33",
            "CWBCRV32",
            "BRCRRF1",
            "ROOF6",
            "ROOF8",
            "WALLCF32",
            "WALLCF16",
            "WALLCF8",
            "WALLCFDR",
            "WALLCFWN",
            "WALLCFAR",
            "BRBASE3",
            "CWFCRV33",
            "CWFCRV32",
            "BRCRRF2",
            "ROOF9",
            "ROOF11",
            "ROOF10",
            "ROOF12",
            "CORROOF2",
            "WALLCO16",
            "CORROOF",
            "WALLLT32",
            "WALLSK16",
            "WALLSK32",
            "SKTDW2",
            "SKTDW",
            "SKTBASE",
            "SKTBASET",
            "SUPPW2",
            "SUPPW1",
            "SUPPW3",
            "SUPPLEG1",
            "SUPPLEG2",
            "SUMRF",
            "WALLRH32"
        ],
        "priority": 5
    },
    "images": ["$RCT2:OBJDATA/SCGWALLS.DAT[0..1]"],
    "strings": {
        "name": {
            "en-GB": "Walls and Roofs",
            "fr-FR": "Façades et toits",
            "de-DE": "Wände und Dächer",
            "es-ES": "Paredes y tejados",
            "it-IT": "Muri e tetti",
            "nl-NL": "Muren en daken",
            "sv-SE": "Väggar och tak",
            "ko-KR": "벽과 지붕",
            "zh-CN": "墙和 屋顶",
            "zh-TW": "牆和 屋頂",
            "pt-BR": "Paredes e Tetos",
            "cs-CZ": "Stěny a střechy",
            "ja-JP": "壁と屋根",
            "pl-PL": "Ściany i dachy",
            "ru-RU": "Стены и крыши"
        }
    }
}
