{
    "id": "rct2.scgpathx",
    "authors": ["Chris Sawyer", "Simon Foster"],
    "version": "1.0",
    "originalId": "0A188F87|SCGPATHX|C2272849",
    "sourceGame": ["rct2", "rct1"],
    "objectType": "scenery_group",
    "properties": {
        "entries": [
            "LAMP1",
            "LAMP2",
            "LITTER1",
            "BENCH1",
            "QTV1",
            "BN1",
            "WALLPOST",
            "WALLSIGN",
            "SSIG1",
            "SSIG2",
            "SSIG3",
            "SSIG4"
        ],
        "priority": 10
    },
    "images": ["$RCT2:OBJDATA/SCGPATHX.DAT[0..1]"],
    "strings": {
        "name": {
            "en-GB": "Signs and Items for Footpaths",
            "fr-FR": "Panneaux et éléments pour allées",
            "de-DE": "Schilder und Objekte für Fußwege",
            "es-ES": "Señales y artículos para caminos",
            "it-IT": "Insegne e oggetti per i sentieri",
            "nl-NL": "Borden en onderdelen voor voetpaden",
            "sv-SE": "Skyltar och föremål till gångvägar",
            "ko-KR": "팻말과 보도 아이템",
            "zh-CN": "道路标示与事物",
            "zh-TW": "道路標示與事物",
            "pt-BR": "Placas e Itens para Caminhos",
            "cs-CZ": "Cedule a věci na cesty",
            "ja-JP": "歩道用の看板とアイテム",
            "pl-PL": "Znaki i elementy dróżek",
            "ru-RU": "Знаки для дорожек"
        }
    }
}
